"PQT/VC Ref Number","Product Name",Applicant,"Product Type","Active Ingredient/Synergist","Date of Prequalification","Other names",Links,"Other Documents"
004-018,2GARD,"Tagros Chemicals India Pvt. Ltd",IRS,"Clothianidin, Deltamethrin","Thu, 11/18/2021 - 12:00",,,
002-004,"Abate 1 SG","BASF AGRO B.V. Arnhem (NL) Freienbach Branch",Larvicide,Temephos,"Wed, 04/18/2018 - 12:00",,,"002-004 Statement of Conversion and Letter of Prequalification
      









            





 WHOVC-SOC-LOP-002-004.pdf"
002-003,"Abate 500 EC","BASF AGRO B.V. Arnhem (NL) Freienbach Branch",Larvicide,Temephos,"Wed, 04/18/2018 - 12:00",,,"002-003 Statement of Conversion and Letter of Prequalification"
012-001,"Actellic 300CS","Syngenta Crop Protection AG",IRS,Pirimiphos-methyl,"Mon, 01/29/2018 - 12:00",,"Report of the 16th WHOPES Working Group meeting","012-001 Statement of Conversion and Letter of Prequalification
      









            





 WHOVC-SOC-LOP-012-001.pdf"
012-002,"Actellic EC","Syngenta Crop Protection AG",Larvicide,Pirimiphos-methyl,"Thu, 05/03/2018 - 12:00",,,"012-002 Statement of Conversion and Letter of Prequalification
      









            





 WHOVC-SOC-LOP-012-002.pdf




      



      



, 





  
          






            Withdrawal of IRS Use Pattern
      









            





 20231108 PPQC (Actellic EC, 012-002,PQC-VCP-2023-0034).pdf"
P-00158,"Aqua K-Othrine","Envu (Environmental Science U.S. LLC.)","Space Spray (indoor), Space Spray (outdoor)",Deltamethrin,"Mon, 01/29/2018 - 12:00",,"Report of the 9th WHOPES Working Group meeting","008-001 Statement of Conversion and Letter of Prequalification
      









            





 WHOVC-SOC-LOP-008-001.pdf




      



      



, 





  
          






            Transfer of Ownership
      









            





 20221111 PPQC (PQC-VCP-2022-0037, PQC-VCAI-2022-0017).pdf"
027-001,"Aquatain AMF","Aquatain Products Pty Ltd",Larvicide,"PDMS (Polydimethylsiloxane)","Wed, 12/19/2018 - 12:00",,,
004-017,"Axient 440EW","Tagros Chemicals India Pvt. Ltd","Space Spray (outdoor)",Malathion,"Thu, 03/16/2023 - 12:00",,,
P-00175,"Bistar 10WP","Envu (Environmental Science U.S. LLC.)",IRS,Bifenthrin,"Mon, 01/29/2018 - 12:00","Talstar WP Insecticide/Miticide,  Biflex WP Insecticide/Miticide,   Biflex 10 WP,  Binet 10WP,  Talstar 100PH","Report to the 5th WHOPES Working Group meeting","013-001 Statement of Conversion and Letter of Prequalification
      









            





 WHOVC-SOC-LOP-013-001.pdf




      



      



, 





  
          






            Transfer of Ownership
      









            





 20260113 Transfer of Ownership PQC-VCP-2026-0002.pdf"
020-006,"Cielo ULV","Clarke International","Space Spray (indoor), Space Spray (outdoor)","Imidacloprid, Prallethrin","Tue, 01/22/2019 - 12:00",,,"020-006 Statement of Conversion and Letter of Prequalification
      









            





 WHOVC-SOC-LOP-020-006.pdf"
025-002,"Device 25WP","Arysta LifeScience",Larvicide,Diflubenzuron,"Thu, 05/03/2018 - 12:00","Dimilin 25%W,  Dimilin 25%WP,  Dimilin 25 WP,  Dimilin WP-25,  Dimilin Spuitpoeder 25% voor de Weehouderij,  Dimilin-25,  Device Pm-25,  Indipendent 25 PB,  Du-Dim 25 PB,  Dimilin Spuitpoeder 25%,  Dagilin,  No Larv 25 PB,  Adobe,  Assault,  Du-Dim PB,  Bi-Larv 25 WP,  Device PM,  No Fly Madex L.D WP-25,  HM Dimilin 25WP,  Acugard 25WP","Report of the 9th WHOPES Working Group meeting","025-002 Statement of Conversion and Letter of Prequalification
      









            





 WHOVC-SOC-LOP-025-002.pdf"
025-003,"Dimilin GR","Arysta LifeScience",Larvicide,Diflubenzuron,"Thu, 05/03/2018 - 12:00","Dimilin 2GR,  Du-Dim 2 GR,  Device GR-2,  Du-Dim GT-2,  No Larve Granuli,  Bi-Larv H&G,  Du-Dim 2 G,  Dimilin GR2,  Dimilin GR,  Dimilin 2 GR,  Dimilin GR-2,  Device 2 %GR,  Device 2 G,  DIMILIN GR-2,  Dimilin GR 2,  Bi-Larv G,  Dilfubenzuron 2% GR,  Diflubenzuron 2% granules,  Bi-Larv G,  BARCELO GR2,  Bilarve 2 % GR,  Acugard GR2","Report of the 9th WHOPES Working Group meeting","025-003 Statement of Conversion and Letter of Prequalification
      









            





 WHOVC-SOC-LOP-025-003.pdf"
025-001,"Du-Dim 2 DT","Arysta LifeScience",Larvicide,Diflubenzuron,"Thu, 05/03/2018 - 12:00","Dimilin 2 TB,  Device TB2,  Device TB-2,  Du-Dim TB-2 No Larve Compresse,  Cutter Backyard Mosquito Control Tablet,  Du-Dim 2DT,  Dimilin TB2,  Bilarve 2 % TB,  Dimilin TB,  Dimilin TB 2,  Acugard TB2","Report of the 9th WHOPES Working Group meeting","025-001 Statement of Conversion and Letter of Prequalification
      









            





 WHOVC-SOC-LOP-025-001.pdf"
006-001,"DuraNet LN","Shobikaa Impex Private Limited",ITN,Alpha-cypermethrin,"Thu, 12/07/2017 - 12:00",,"Report of the 11th WHOPES Working Group meeting,  Report of the 16th WHOPES Working Group meeting","006-001 Statement of Conversion and Letter of Prequalification
      









            





 WHOVC-SOC-LOP-006-001.pdf"
006-003,"DuraNet Plus","Shobikaa Impex Private Limited",ITN,"Alpha-cypermethrin, Piperonyl Butoxide (PBO)","Thu, 08/13/2020 - 12:00",,,
035-001,FastM,"Saerfu (Henan) Agrochemical Co. Ltd",IRS,Bendiocarb,"Tue, 09/03/2019 - 12:00","Bendiocarb 80% WP",,"035-001 Statement of Conversion and Letter of Prequalification
      









            





 WHOVC-SOC-LOP-035-001.pdf




      



      



, 





  
          






            PQC-VCP-2025-0011 Change Assessment FastM Inclusion of WP
      









            





 20251215 - FastM Change Assessment (PQC-VCP-2025-0011).pdf"
002-005,"Fendona 10 SC","BASF AGRO B.V. Arnhem (NL) Freienbach Branch","IRS, ITN Self Treatment Kit",Alpha-cypermethrin,"Fri, 12/08/2017 - 12:00",,"Report of the 2nd WHOPES Working Group meeting","002-005 Statement of Conversion and Letter of Prequalification
      









            





 WHOVC-SOC-LOP-002-005.pdf"
002-007,"Fendona 5 WP","BASF AGRO B.V. Arnhem (NL) Freienbach Branch",IRS,Alpha-cypermethrin,"Fri, 12/08/2017 - 12:00",,"Report of the 2nd WHOPES Working Group meeting","002-007 Statement of Conversion and Letter of Prequalification
      









            





 WHOVC-SOC-LOP-002-007.pdf"
002-006,"Fendona 6 SC","BASF AGRO B.V. Arnhem (NL) Freienbach Branch","IRS, ITN Self Treatment Kit",Alpha-cypermethrin,"Fri, 12/08/2017 - 12:00",,"Report of the 2nd WHOPES Working Group meeting","002-006 Statement of Conversion and Letter of Prequalification
      









            





 WHOVC-SOC-LOP-002-006.pdf"
P-00162,Ficam,"Envu (Environmental Science U.S. LLC.)",IRS,Bendiocarb,"Wed, 04/18/2018 - 12:00",,,"008-005 Statement of Conversion and Letter of Prequalification
      









            





 WHOVC-SOC-LOP-008-005.pdf




      



      



, 





  
          






            Transfer of Ownership
      









            





 20221111 PPQC (PQC-VCP-2022-0037, PQC-VCAI-2022-0017).pdf"
P-00164,"Fludora Co-Max","Envu (Environmental Science U.S. LLC.)","Space Spray (indoor), Space Spray (outdoor)","Flupyradifurone, Transfluthrin","Tue, 10/20/2020 - 12:00",,,"PQC-VCP-2024-0005 Change Assessment Fludora CoMax Update Specification and Storage Stability
      









            





 PQC-VCP-2024-0005 Change Assessment Fludora CoMax Update Specification and Storage Stability.pdf




      



      



, 





  
          






            Transfer of Ownership
      









            





 20221111 PPQC (PQC-VCP-2022-0037, PQC-VCAI-2022-0017).pdf"
P-00163,"Fludora Fusion","Envu (Environmental Science U.S. LLC.)",IRS,"Clothianidin, Deltamethrin","Thu, 12/13/2018 - 12:00",,,"PQC-VCP-2021-0087 Change Acceptance - WP 
      









            





 20210902 PPQC  (Fludora Fusion 008-006 PQC-VCP-2021-0087).pdf




      



      



, 





  
          






            Transfer of Ownership
      









            





 20251210 Transfer of Ownership - PQC-VCP-2025-0053.pdf"
P-00250,"Fyfanon EW Insecticide","Envu (Environmental Science U.S. LLC.)","Space Spray (outdoor)",Malathion,"Wed, 04/18/2018 - 12:00","Fyfanon 440 EW,  Smart 44 EW,  Lethalmist 440 EW,  Fyfanon SP 44 EW,  Malathion SP 44 EW,  Strikemist,  Paladin,  Novaction EW,  Fufanon Super,  Fufanon Expert EW,  Fyfanon 440 g/l EW,  Hao-Ji-Li,  Lupara 44 EW,  Fyfanon 440 EW Insecticide,  Acuafin 440 EW,  Lovlan 440 EW,  Malathion 44% w/v,  Malathion 440 g/l EW,  Komvektor,  Komvektor 44 EW","Report of the 15th WHOPES Working Group meeting","013-002 Statement of Conversion and Letter of Prequalification
      









            





 WHOVC-SOC-LOP-013-002.pdf




      



      



, 





  
          






            Transfer of Ownership
      









            





 20260113 Transfer of Ownership PQC-VCP-2026-0002_1.pdf"
P-00176,"Fyfanon ULV Mosquito Insecticide","Envu (Environmental Science U.S. LLC.)","Space Spray (outdoor)",Malathion,"Wed, 04/18/2018 - 12:00","Fyfanon ULV Mosquito,  Fyfanon ULV Concentrate,  Fyfanon ULV,  Malathion ULV,  Ecothion ULV,  Verthion ULV-Urbano,  Komvektor",,"013-003 Statement of Conversion and Letter of Prequalification
      









            





 WHOVC-SOC-LOP-013-003.pdf




      



      



, 





  
          






            Transfer of Ownership
      









            





 20260113 Transfer of Ownership PQC-VCP-2026-0002_0.pdf"
P-00320,GreenNet,"Shobikaa Impex Private Limited",ITN,Deltamethrin,"Fri, 08/16/2024 - 12:00",,,
012-003,"ICON 10  CS - IRS","Syngenta Crop Protection AG",IRS,Lambda-Cyhalothrin,"Mon, 01/29/2018 - 12:00",,"Report of the 10th WHOPES Working Group meeting","012-003 Statement of Conversion and Letter of Prequalification
      









            





 WHOVC-SOC-LOP-012-003.pdf




      



      



, 





  
          






            PQC-VCP-2022-0011 Change Assessment Icon CS release clause
      









            





 PQC-VCP-2022-0011 Letter and Change Assessment Icon CS release clause.pdf"
012-005,"Icon 2.5 EC","Syngenta Crop Protection AG","Space Spray (indoor)",Lambda-Cyhalothrin,"Thu, 05/03/2018 - 12:00",,,"012-005 Statement of Conversion and Letter of Prequalification
      









            





 WHOVC-SOC-LOP-012-005.pdf"
012-007,"Icon 5 EC","Syngenta Crop Protection AG","Space Spray (indoor)",Lambda-Cyhalothrin,"Thu, 05/03/2018 - 12:00",,,"012-007 Statement of Conversion and Letter of Prequalification
      









            





 WHOVC-SOC-LOP-012-007.pdf"
012-004,"ICON CS - ITN Kit","Syngenta Crop Protection AG","ITN Self Treatment Kit",Lambda-Cyhalothrin,"Mon, 01/29/2018 - 12:00",,"Report of the 4th WHOPES Working Group meeting","012-004 Statement of Conversion and Letter of Prequalification
      









            





 WHOVC-SOC-LOP-012-004.pdf"
012-006,"Icon WP","Syngenta Crop Protection AG",IRS,Lambda-Cyhalothrin,"Thu, 05/03/2018 - 12:00",,,"012-006 Statement of Conversion and Letter of Prequalification
      









            





 WHOVC-SOC-LOP-012-006.pdf"
002-001,Interceptor,"BASF AGRO B.V. Arnhem (NL) Freienbach Branch",ITN,Alpha-cypermethrin,"Fri, 12/08/2017 - 12:00",,"Report of the 10th WHOPES Working Group meeting,  Report of the 15th WHOPES Working Group meeting","002-001 Statement of Conversion and Letter of Prequalification
      









            





 WHOVC-SOC-LOP-002-001.pdf"
002-002,"Interceptor G2","BASF AGRO B.V. Arnhem (NL) Freienbach Branch",ITN,"Alpha-cypermethrin, Chlorfenapyr","Mon, 01/29/2018 - 12:00",,"Report of the 20th WHOPES Working Group meeting,  6th VCAG Report, 7th VCAG Report","002-002 Statement of Conversion and Letter of Prequalification
      









            





 WHOVC-SOC-LOP-002-002.pdf"
P-00161,"K-Othrine Polyzone","Envu (Environmental Science U.S. LLC.)",IRS,Deltamethrin,"Mon, 01/29/2018 - 12:00",,"Report of the 16th WHOPES Working Group meeting","008-004 Statement of Conversion and Letter of Prequalification
      









            





 WHOVC-SOC-LOP-008-004.pdf




      



      



, 





  
          






            Transfer of Ownership
      









            





 20221111 PPQC (PQC-VCP-2022-0037, PQC-VCAI-2022-0017).pdf"
P-00159,"K-Othrine WG250","Envu (Environmental Science U.S. LLC.)",IRS,Deltamethrin,"Mon, 01/29/2018 - 12:00","Deltagard WG250","Report of the 6th WHOPES Working Group meeting","008-002 Statement of Conversion and Letter of Prequalification
      









            





 WHOVC-SOC-LOP-008-002.pdf




      



      



, 





  
          






            Transfer of Ownership
      









            





 20221111 PPQC (PQC-VCP-2022-0037, PQC-VCAI-2022-0017).pdf"
004-019,"Klypson 500 WG","Tagros Chemicals India Pvt. Ltd",IRS,Clothianidin,"Tue, 12/14/2021 - 12:00","CAAVAL 500 WG, Fludora Solo",,
P-09306,"Lambda-cyhalothrin 10% WP","BR AGROTECH LIMITED",IRS,Lambda-Cyhalothrin,"Thu, 06/27/2024 - 12:00","CYRON 25",,
004-011,"LIMITOR 5 GR","Tagros Chemicals India Pvt. Ltd",Larvicide,Pyriproxyfen,"Thu, 12/07/2017 - 12:00",,"Report of the 4th WHOPES Working Group meeting","004-011 Statement of Conversion and Letter of Prequalification
      









            





 WHOVC-SOC-LOP-004-011.pdf"
014-001,MAGNet,"V.K.A. Polymers Pvt. Ltd",ITN,Alpha-cypermethrin,"Mon, 02/19/2018 - 12:00",,"Report of the 14th WHOPES Working Group meeting","014-001 Statement of Conversion and Letter of Prequalification
      









            





 WHOVC-SOC-LOP-014-001.pdf"
009-001,MiraNet,"AtoZ Group Limited",ITN,Alpha-cypermethrin,"Wed, 02/21/2018 - 12:00",,"Report of the 18th WHOPES Working Group meeting","009-001 Statement of Conversion and Letter of Prequalification
      









            





 WHOVC-SOC-LOP-009-001.pdf"
019-001,"Mosquiron 100EC","Adama Agricultural Solutions Ltd",Larvicide,Novaluron,"Mon, 02/19/2018 - 12:00","Mosquiron 10EC,  Mosquiron,  Oscar 100,  Oscar 10EC,  Oscar 100EC,  Marvick,  Blackbirds 100EC","Report of the 8th WHOPES Working Group meeting","019-001 Statement of Conversion and Letter of Prequalification
      









            





 WHOVC-SOC-LOP-019-001.pdf"
022-001,"MOZKILL 120 SC","Corteva Agriscience LLC",Larvicide,Spinosad,"Wed, 02/21/2018 - 12:00",,"Report of the 10th WHOPES Working Group meeting","022-001 Statement of Conversion and Letter of Prequalification
      









            





 WHOVC-SOC-LOP-022-001.pdf




      



      



, 





  
          






            Transfer of Ownership 20240528
      









            





 20240528 PPQC (MOZKILL 120 SC P-00187 PQC-VCP-2024-0012).pdf"
001-004,"OLYSET Net","Sumitomo Chemical Co., Ltd",ITN,Permethrin,"Thu, 12/07/2017 - 12:00",,"Report of the 5th WHOPES Working Group meeting,  Report of the 13th WHOPES Working Group meeting","001-004 Statement of Conversion and Letter of Prequalification
      









            





 WHOVC-SOC-LOP-001-004.pdf"
001-005,"OLYSET PLUS","Sumitomo Chemical Co., Ltd",ITN,"Permethrin, Piperonyl Butoxide (PBO)","Mon, 01/29/2018 - 12:00",,"Report of the 15th WHOPES Working Group meeting","001-005 Statement of Conversion and Letter of Prequalification
      









            





 lop-and-soc-for-olyset-plus.pdf




      



      



, 





  
          






            PPQC2020-024 Change Assessment Olyset Plus Long-term community studies
      









            





 20241010-ppqc2020-024-who-public-assessment-report-olyset-plus-change-assessment.pdf"
P-11637,"Optica ULV","Clarke International","Space Spray (indoor), Space Spray (outdoor)",Broflanilide,"Fri, 05/30/2025 - 12:00",,,
004-008,"PALI 250 WG","Tagros Chemicals India Pvt. Ltd",IRS,Deltamethrin,"Wed, 02/28/2018 - 12:00","PALI 250 WG-SB","Report of the 6th WHOPES Working Group meeting","004-008 Statement of Conversion and Letter of Prequalification
      









            





 WHOVC-SOC-LOP-004-008.pdf"
026-001,"Panda Net 2.0","Life Ideas Biotechnology Co. Ltd",ITN,Deltamethrin,"Thu, 05/03/2018 - 12:00",,"Report of the 18th WHOPES Working Group meeting","026-001 Statement of Conversion and Letter of Prequalification
      









            





 WHOVC-SOC-LOP-026-001.pdf"
007-002,"Pendulum 10 SC","Gharda Chemicals Limited","IRS, ITN Self Treatment Kit",Alpha-cypermethrin,"Thu, 05/03/2018 - 12:00","Plaguisan FG 10 SC","Report of the 2nd WHOPES Working Group meeting","007-002 Statement of Conversion and Letter of Prequalification
      









            





 WHOVC-SOC-LOP-007-002.pdf"
007-001,"Pendulum 6 SC","Gharda Chemicals Limited","IRS, ITN Self Treatment Kit",Alpha-cypermethrin,"Thu, 05/03/2018 - 12:00",,"Report of the 2nd WHOPES Working Group meeting","007-001 Statement of Conversion and Letter of Prequalification
      









            





 WHOVC-SOC-LOP-007-001.pdf"
005-001,"PermaNet 2.0","Vestergaard Sarl",ITN,Deltamethrin,"Fri, 12/08/2017 - 12:00",,"Report of the 7th WHOPES Working Group meeting,  Report of the 12th WHOPES Working Group meeting","005-001 Statement of Conversion and Letter of Prequalification
      









            





 WHOVC-SOC-LOP-005-001.pdf"
005-002,"PermaNet 3.0","Vestergaard Sarl",ITN,"Deltamethrin, Piperonyl Butoxide (PBO)","Mon, 01/29/2018 - 12:00",,"Report of the 12th WHOPES Working Group meeting","PPQC2020-010 Change Assessment PermaNet 3.0 Long-term community studies
      









            





 PPQC2020-010 Change Assessment Permanet 3.0 Long-term community studies assessment_0.pdf




      



      



, 





  
          






            PQC-VCP-2022-0006 Change Assessment PermaNet 3.0 Barrier
      









            





 PQC-VCP-2022-0006 Change Assessment Permanet 3.0 Barrier.pdf




      



      



, 





  
          






            PPQC2020-008 Change Assessment Roof Fabric Weight
      









            





 20200615 PPQC  (PermaNet 3.0, 005-002, PPQC2020-008).pdf




      



      



, 





  
          






            005-002 Statement of Conversion and Letter of Prequalification
      









            





 WHOVC-SOC-LOP-005-002.pdf"
P-03228,"PermaNet Dual","Vestergaard Sarl",ITN,"Chlorfenapyr, Deltamethrin","Fri, 03/17/2023 - 12:00",,,
P-12406,"PRONet Duo","V.K.A. Polymers Pvt. Ltd",ITN,"Bifenthrin, Chlorfenapyr","Wed, 03/12/2025 - 12:00",,,
036-002,"Reliefnet Reverte","Real Relief Health ApS",ITN,Deltamethrin,"Mon, 01/25/2021 - 12:00",,,
004-012,"REVIVAL 100 CS","Tagros Chemicals India Pvt. Ltd",IRS,Lambda-Cyhalothrin,"Wed, 02/28/2018 - 12:00",,"Report of the 10th WHOPES Working Group meeting","004-012 Statement of Conversion and Letter of Prequalification
      









            





 WHOVC-SOC-LOP-004-012.pdf"
004-010,"REVIVAL 100 WP","Tagros Chemicals India Pvt. Ltd",IRS,Lambda-Cyhalothrin,"Thu, 05/03/2018 - 12:00",,,"004-010 Statement of Conversion and Letter of Prequalification
      









            





 WHOVC-SOC-LOP-004-010.pdf"
004-014,"REVIVAL 25 EC","Tagros Chemicals India Pvt. Ltd","Space Spray (indoor), Space Spray (outdoor)",Lambda-Cyhalothrin,"Thu, 05/03/2018 - 12:00",,,"004-014 Statement of Conversion and Letter of Prequalification
      









            





 WHOVC-SOC-LOP-004-014.pdf"
P-00211,"Royal Guard","Mainpol GmbH",ITN,"Alpha-cypermethrin, Pyriproxyfen","Fri, 03/29/2019 - 12:00",,,"Transfer of Ownership 20240715
      









            





 20240715-transfer-of-ownership-mainpol-p-00210-p-00211-p-09284-pqc-vcp-2024-0020.pdf"
P-00210,"Royal Sentry 2.0","Mainpol GmbH",ITN,Alpha-cypermethrin,"Wed, 02/06/2019 - 12:00",,,"Transfer of Ownership 20240715
      









            





 20240715-transfer-of-ownership-mainpol-p-00210-p-00211-p-09284-pqc-vcp-2024-0020_0.pdf"
004-004,"RUBI 100 SC","Tagros Chemicals India Pvt. Ltd",IRS,Alpha-cypermethrin,"Fri, 12/08/2017 - 12:00",,"Report of the 2nd WHOPES Working Group meeting","004-004 Statement of Conversion and Letter of Prequalification
      









            





 WHOVC-SOC-LOP-004-004.pdf"
004-002,"RUBI 100 WP","Tagros Chemicals India Pvt. Ltd",IRS,Alpha-cypermethrin,"Fri, 12/08/2017 - 12:00",,"Report of the 2nd WHOPES Working Group meeting","004-002 Statement of Conversion and Letter of Prequalification
      









            





 WHOVC-SOC-LOP-004-002.pdf"
004-005,"RUBI 250 WG-SB","Tagros Chemicals India Pvt. Ltd",IRS,Alpha-cypermethrin,"Thu, 12/07/2017 - 12:00",,"Report of the 17th WHOPES Working Group meeting","004-005 Statement of Conversion and Letter of Prequalification
      









            





 WHOVC-SOC-LOP-004-005.pdf"
004-003,"RUBI 50 SC","Tagros Chemicals India Pvt. Ltd",IRS,Alpha-cypermethrin,"Fri, 12/08/2017 - 12:00",,"Report of the 2nd WHOPES Working Group meeting","004-003 Statement of Conversion and Letter of Prequalification
      









            





 WHOVC-SOC-LOP-004-003.pdf"
004-001,"RUBI 50 WP","Tagros Chemicals India Pvt. Ltd",IRS,Alpha-cypermethrin,"Fri, 12/08/2017 - 12:00",,"Report of the 2nd WHOPES Working Group meeting","004-001 Statement of Conversion and Letter of Prequalification
      









            





 WHOVC-SOC-LOP-004-001.pdf"
018-001,SafeNet,"Mainpol GmbH",ITN,Alpha-cypermethrin,"Mon, 02/19/2018 - 12:00",,"Report of the 18th WHOPES Working Group meeting","018-001 Statement of Conversion and Letter of Prequalification
      









            





 WHOVC-SOC-LOP-018-001.pdf




      



      



, 





  
          






            20240223 Product assessment in relation to complaints received (SafeNet 018-001)
      









            





 20240223 Product assessment in relation to complaints received (SafeNet 018-001).pdf"
P-09284,"SAFENET PLUS","Mainpol GmbH",ITN,"Alpha-cypermethrin, Piperonyl Butoxide (PBO)","Tue, 01/09/2024 - 12:00",,,"Transfer of Ownership 20240715
      









            





 20240715-transfer-of-ownership-mainpol-p-00210-p-00211-p-09284-pqc-vcp-2024-0020_1.pdf"
P-12643,"SC Johnson Guardian","SC Johnson","Spatial Emanator",Transfluthrin,"Wed, 08/13/2025 - 12:00",,,
P-13380,"SC Johnson Mosquito Shield","SC Johnson","Spatial Emanator",Transfluthrin,"Wed, 08/13/2025 - 12:00",,,
004-016,"SENTRIN 20 EW","Tagros Chemicals India Pvt. Ltd","Space Spray (indoor), Space Spray (outdoor)",Deltamethrin,"Wed, 02/28/2018 - 12:00",,"Report of the 9th WHOPES Working Group meeting","004-016 Statement of Conversion and Letter of Prequalification
      









            





 WHOVC-SOC-LOP-004-016.pdf"
P-11568,"SOVRENTA 15WP","Syngenta Crop Protection AG",IRS,Isocycloseram,"Fri, 04/11/2025 - 12:00",,,
020-004,"Spinosad 0.5% GR","Clarke International",Larvicide,Spinosad,"Wed, 02/28/2018 - 12:00","Spinosad Granules,  Natular G,  Natular Granules,  Novus G",,"020-004 Statement of Conversion and Letter of Prequalification
      









            





 WHOVC-SOC-LOP-020-004.pdf"
020-002,"Spinosad 20.6% EC","Clarke International",Larvicide,Spinosad,"Wed, 02/28/2018 - 12:00","Natular 20 EC,  Natular 2EC,  Natular EC","Report of the 14th WHOPES Working Group meeting","020-002 Statement of Conversion and Letter of Prequalification
      









            





 WHOVC-SOC-LOP-020-002.pdf"
020-003,"Spinosad 25 Extended Release GR","Clarke International",Larvicide,Spinosad,"Fri, 03/23/2018 - 12:00","Spinosad Extended Release GR,  Natular G30,  Novus G30","Report of the 10th WHOPES Working Group meeting,  Report of the 11th WHOPES Working Group meeting","020-003 Statement of Conversion and Letter of Prequalification
      









            





 WHOVC-SOC-LOP-020-003.pdf"
020-001,"Spinosad 7.48% DT","Clarke International",Larvicide,Spinosad,"Wed, 02/28/2018 - 12:00","Natular DT,  Novus DT","Report of the 11th WHOPES Working Group meeting","020-001 Statement of Conversion and Letter of Prequalification
      









            





 WHOVC-SOC-LOP-020-001.pdf"
020-005,"Spinosad Monolayer DT","Clarke International",Larvicide,Spinosad,"Wed, 02/28/2018 - 12:00","Spinosad 83.3 Monolayer DT,  Natular T30,  Novus T30","Report of the 16th WHOPES Working Group meeting","020-005 Statement of Conversion and Letter of Prequalification
      









            





 WHOVC-SOC-LOP-020-005.pdf"
001-002,"Sumilarv 0.5G","Sumitomo Chemical Co., Ltd",Larvicide,Pyriproxyfen,"Thu, 12/07/2017 - 12:00",,"Report of the 4th WHOPES Working Group meeting","001-002 Statement of Conversion and Letter of Prequalification
      









            





 WHOVC-SOC-LOP-001-002.pdf"
001-006,"Sumilarv 2MR","Sumitomo Chemical Co., Ltd",Larvicide,Pyriproxyfen,"Thu, 12/07/2017 - 12:00",,"Report of the 20th WHOPES Working Group meeting","001-006 Statement of Conversion and Letter of Prequalification
      









            





 WHOVC-SOC-LOP-001-006.pdf




      



      



, 





  
          






            20250115 - SumiLarv 2MR Change Assessment (PQC-VCP-2023-0006)
      









            





 20250115 - SumiLarv 2MR Change Assessment (PQC-VCP-2023-0006).pdf




      



      



, 





  
          






            20250129 - SumiLarv 2MR Change Assessment (PQC-VCP-2024-0017)
      









            





 20250129 - Sumilarv 2MR Change Assessment (PQC-VCP-2024-0017).pdf"
001-001,"SumiShield 50WG","Sumitomo Chemical Co., Ltd",IRS,Clothianidin,"Wed, 10/25/2017 - 12:00",,,
P-00136,"Sylando 240 SC","BASF AGRO B.V. Arnhem (NL) Freienbach Branch",IRS,Chlorfenapyr,"Thu, 12/05/2024 - 12:00",,,
P-13215,"Synera DuoForte","GDM Health Products Ltd",ITN,"Alpha-cypermethrin, Chlorfenapyr","Wed, 02/25/2026 - 12:00",,,
007-009,Temeguard,"Gharda Chemicals Limited",Larvicide,Temephos,"Thu, 05/03/2018 - 12:00",,,"007-009 Statement of Conversion and Letter of Prequalification
      









            





 WHOVC-SOC-LOP-007-009.pdf"
P-00223,"Tsara Boost","PPP Hollandi DMCC",ITN,"Deltamethrin, Piperonyl Butoxide (PBO)","Mon, 01/29/2018 - 12:00",,"Report of the 20th WHOPES Working Group meeting","Transfer of Ownership 20230303
      









            





 20230303 PPQC  (P-00223 P-00224 P-00225 P-00226 PQC-VCP-2023-0005).pdf




      



      



, 





  
          






            028-001 Transfer of Ownership 20180911
      









            





 WHOVC-Transfer_028-001.pdf"
P-00226,"Tsara Plus","PPP Hollandi DMCC",ITN,"Deltamethrin, Piperonyl Butoxide (PBO)","Mon, 01/29/2018 - 12:00",,"Report of the 20th WHOPES Working Group meeting","Transfer of Ownership 20230303
      









            





 20230303 PPQC  (P-00223 P-00224 P-00225 P-00226 PQC-VCP-2023-0005).pdf




      



      



, 





  
          






            028-004 Transfer of Ownership 20190305
      









            





 WHOVC-Transfer_028-004.pdf




      



      



, 





  
          






            028-004 Statement of Conversion and Letter of Prequalification
      









            





 WHOVC-SOC-LOP-028-004.pdf"
P-00225,"Tsara Soft","PPP Hollandi DMCC",ITN,Deltamethrin,"Fri, 10/09/2020 - 12:00",,,"Transfer of Ownership 20230303
      









            





 20230303 PPQC  (P-00223 P-00224 P-00225 P-00226 PQC-VCP-2023-0005).pdf"
P-13227,"UNET G1 LN","Sino Africa Medical Devices Company Ltd",ITN,Deltamethrin,"Wed, 03/19/2025 - 12:00",,,
P-13228,"UNET G3 LN","Sino Africa Medical Devices Company Ltd",ITN,"Deltamethrin, Piperonyl Butoxide (PBO)","Wed, 03/19/2025 - 12:00",,,
P-13229,"UNET G5 LN","Sino Africa Medical Devices Company Ltd",ITN,"Alpha-cypermethrin, Chlorfenapyr","Wed, 03/19/2025 - 12:00",,,
011-001,"VectoBac GR","Valent BioSciences Corporation",Larvicide,"Bacillus thuringiensis subsp. Israelensis strain AM65-52","Mon, 02/19/2018 - 12:00",,"Report of the 7th WHOPES Working Group meeting","011-001 Statement of Conversion and Letter of Prequalification
      









            





 WHOVC-SOC-LOP-011-001.pdf"
011-002,"VectoBac WG","Valent BioSciences Corporation",Larvicide,"Bacillus thuringiensis subsp. Israelensis strain AM65-52","Tue, 03/13/2018 - 12:00",,"Report of the 7th WHOPES Working Group meeting","011-002 Statement of Conversion and Letter of Prequalification
      









            





 WHOVC-SOC-LOP-011-002.pdf"
011-003,"VectoMax FG","Valent BioSciences Corporation",Larvicide,"Bacillus sphaericus strain ABTS-1743, Bacillus thuringiensis subsp. Israelensis strain AM65-52","Tue, 03/13/2018 - 12:00",,"Report of the 19th WHOPES Working Group meeting","011-003 Statement of Conversion and Letter of Prequalification
      









            





 WHOVC-SOC-LOP-011-003.pdf"
016-001,"Vectron 10EW","Mitsui Chemicals Crop & Life Solutions, Inc.","ITN Self Treatment Kit",Etofenprox,"Thu, 05/03/2018 - 12:00","Victor 10EW,  Lenatop 10EW","Report of the 1st WHOPES Working Group meeting,  Report of the 3rd WHOPES Working Group meeting","016-001 Statement of Conversion and Letter of Prequalification
      









            





 WHOVC-SOC-LOP-016-001.pdf"
016-002,"Vectron 20WP","Mitsui Chemicals Crop & Life Solutions, Inc.",IRS,Etofenprox,"Thu, 02/22/2018 - 12:00","Victor 20WP,  Lenatop20WP","Report of the 1st WHOPES Working Group meeting","016-002 Statement of Conversion and Letter of Prequalification
      









            





 WHOVC-SOC-LOP-016-002.pdf"
P-03226,"VECTRON T500","Mitsui Chemicals Crop & Life Solutions, Inc.",IRS,Broflanilide,"Sat, 03/11/2023 - 12:00","TENEBENAL 50WP, Broflanilide 50%WP",,
014-002,VEERALIN,"V.K.A. Polymers Pvt. Ltd",ITN,"Alpha-cypermethrin, Piperonyl Butoxide (PBO)","Mon, 01/29/2018 - 12:00",,"Report of the 19th WHOPES Working Group meeting","014-002 Statement of Conversion and Letter of Prequalification
      









            





 WHOVC-SOC-LOP-014-002.pdf"
P-04983,"YAHE 4.0","Fujian Yamei Industry & Trade Co. Ltd",ITN,"Alpha-cypermethrin, Piperonyl Butoxide (PBO)","Mon, 11/11/2024 - 12:00",,,
015-001,"Yahe LN","Fujian Yamei Industry & Trade Co. Ltd",ITN,Deltamethrin,"Mon, 02/19/2018 - 12:00",,"Report of the 14th WHOPES Working Group meeting,  Report of the 16th WHOPES Working Group meeting, Report of the 18th WHOPES Working Group meeting","015-001 Statement of Conversion and Letter of Prequalification
      









            





 WHOVC-SOC-LOP-015-001.pdf"
P-11664,"Yorkool G1 LN","Tianjin Yorkool International Trading Co., Ltd",ITN,Deltamethrin,"Wed, 04/17/2024 - 12:00",,,
P-13409,"Yorkool G1 Recycled LN","Tianjin Yorkool International Trading Co., Ltd",ITN,Deltamethrin,"Tue, 12/02/2025 - 12:00",,,
021-003,"Yorkool G3 LN","Tianjin Yorkool International Trading Co., Ltd",ITN,"Deltamethrin, Piperonyl Butoxide (PBO)","Tue, 04/18/2023 - 12:00",,,
P-12507,"Yorkool G5 LN","Tianjin Yorkool International Trading Co., Ltd",ITN,"Alpha-cypermethrin, Chlorfenapyr","Mon, 09/16/2024 - 12:00",,,