grantCode,iso3,geography,geoLevel,status,currency,signedUsd,committedUsd,disbursedUsd,periodStart,periodEnd,sourceUrl,retrievedDate
AFG-506-G03-M,AFG,Afghanistan,Country,Administratively Closed,USD,16713179.95,16713179.95,16713179.95,2006-11-01,2011-10-31,https://data.theglobalfund.org/grant/AFG-506-G03-M,2026-08-22
AFG-509-G06-M,AFG,Afghanistan,Country,Administratively Closed,USD,7171871.31,7171871.31,7171871.31,2009-02-01,2010-04-30,https://data.theglobalfund.org/grant/AFG-509-G06-M,2026-08-22
AFG-809-G08-M,AFG,Afghanistan,Country,Administratively Closed,USD,2810460.46,2810460.46,2810460.46,2010-02-01,2012-10-31,https://data.theglobalfund.org/grant/AFG-809-G08-M,2026-08-22
AFG-809-G09-M,AFG,Afghanistan,Country,Administratively Closed,USD,44319322.79,44319322.79,44319322.79,2010-05-01,2015-09-30,https://data.theglobalfund.org/grant/AFG-809-G09-M,2026-08-22
AFG-809-G10-M,AFG,Afghanistan,Country,Administratively Closed,USD,5689910.02,5689910.02,5689910.02,2010-02-01,2015-01-31,https://data.theglobalfund.org/grant/AFG-809-G10-M,2026-08-22
AFG-812-G14-M,AFG,Afghanistan,Country,Administratively Closed,USD,1421401.95,1421401.95,1421401.95,2012-02-01,2015-01-31,https://data.theglobalfund.org/grant/AFG-812-G14-M,2026-08-22
AFG-M-UNDP,AFG,Afghanistan,Country,In Closure,USD,54286555.88,54286555.88,54286555.88,2015-10-01,2023-12-31,https://data.theglobalfund.org/grant/AFG-M-UNDP,2026-08-22
AGO-305-G01-M,AGO,Angola,Country,Administratively Closed,USD,33689079.09,33689079.09,33689079.09,2005-04-01,2008-09-30,https://data.theglobalfund.org/grant/AGO-305-G01-M,2026-08-22
AGO-708-G04-M,AGO,Angola,Country,Administratively Closed,USD,27171690.9,27171690.9,27171690.9,2008-11-01,2012-03-31,https://data.theglobalfund.org/grant/AGO-708-G04-M,2026-08-22
AGO-M-MOH,AGO,Angola,Country,Administratively Closed,USD,60552745.19,60552745.19,60552745.19,2012-04-01,2021-06-30,https://data.theglobalfund.org/grant/AGO-M-MOH,2026-08-22
AGO-M-WVI,AGO,Angola,Country,Administratively Closed,USD,16793414.51,16793414.51,16793414.51,2016-07-01,2021-06-30,https://data.theglobalfund.org/grant/AGO-M-WVI,2026-08-22
AZE-708-G04-M,AZE,Azerbaijan,Country,Administratively Closed,USD,5473491.93,5473491.93,5473491.93,2008-10-01,2013-09-30,https://data.theglobalfund.org/grant/AZE-708-G04-M,2026-08-22
BDI-202-G02-M-00,BDI,Burundi,Country,Administratively Closed,USD,16568330.89,16568330.89,16568330.89,2003-10-01,2006-09-30,https://data.theglobalfund.org/grant/BDI-202-G02-M-00,2026-08-22
BDI-202-G05-M-00,BDI,Burundi,Country,Administratively Closed,USD,29141228.86,29141228.86,29141228.86,2006-10-01,2014-06-30,https://data.theglobalfund.org/grant/BDI-202-G05-M-00,2026-08-22
BDI-910-G09-M,BDI,Burundi,Country,Administratively Closed,USD,30638703.56,30638703.56,30638703.56,2010-08-01,2014-06-30,https://data.theglobalfund.org/grant/BDI-910-G09-M,2026-08-22
BDI-M-CARITAS,BDI,Burundi,Country,Administratively Closed,USD,4152089.61,4152089.61,4152089.61,2016-01-01,2017-12-31,https://data.theglobalfund.org/grant/BDI-M-CARITAS,2026-08-22
BDI-M-PNILP,BDI,Burundi,Country,Administratively Closed,USD,27646652.08,27646652.08,27646652.08,2016-01-01,2017-12-31,https://data.theglobalfund.org/grant/BDI-M-PNILP,2026-08-22
BDI-M-SEPCNLS,BDI,Burundi,Country,Administratively Closed,USD,3749375.61,3749375.61,3749375.61,2014-07-01,2015-12-31,https://data.theglobalfund.org/grant/BDI-M-SEPCNLS,2026-08-22
BDI-M-UNDP,BDI,Burundi,Country,In Closure,USD,144069048.35,141465619.6,141465619.6,2017-09-06,2023-12-31,https://data.theglobalfund.org/grant/BDI-M-UNDP,2026-08-22
BEN-102-G01-M-00,BEN,Benin,Country,Administratively Closed,USD,2562826.27,2562826.27,2562826.27,2003-05-01,2006-09-30,https://data.theglobalfund.org/grant/BEN-102-G01-M-00,2026-08-22
BEN-304-G04-M,BEN,Benin,Country,Administratively Closed,USD,65362170.61,65362170.61,65362170.61,2004-11-01,2015-12-31,https://data.theglobalfund.org/grant/BEN-304-G04-M,2026-08-22
BEN-708-G07-M,BEN,Benin,Country,Administratively Closed,USD,22551360.07,22551360.07,22551360.07,2008-07-01,2015-12-31,https://data.theglobalfund.org/grant/BEN-708-G07-M,2026-08-22
BEN-M-PNLP,BEN,Benin,Country,In Closure,USD,110401238.94,110401238.94,110456977.47,2016-01-01,2023-12-31,https://data.theglobalfund.org/grant/BEN-M-PNLP,2026-08-22
BFA-202-G01-M-00,BFA,Burkina Faso,Country,Administratively Closed,USD,6812491.76,6812491.76,6812491.76,2003-12-01,2005-11-30,https://data.theglobalfund.org/grant/BFA-202-G01-M-00,2026-08-22
BFA-809-G09-M,BFA,Burkina Faso,Country,Administratively Closed,USD,12974353.97,12974353.97,12974353.97,2009-09-01,2011-12-31,https://data.theglobalfund.org/grant/BFA-809-G09-M,2026-08-22
BFA-M-PADS,BFA,Burkina Faso,Country,Active,USD,675064427.24,615176014.54,596833857.44,2012-01-01,2026-12-31,https://data.theglobalfund.org/grant/BFA-M-PADS,2026-08-22
BGD-607-G06-M,BGD,Bangladesh,Country,Administratively Closed,USD,10715471,10715471,10715471,2007-05-01,2010-06-30,https://data.theglobalfund.org/grant/BGD-607-G06-M,2026-08-22
BGD-607-G07-M,BGD,Bangladesh,Country,Administratively Closed,USD,13144703.81,13144703.81,13144703.81,2007-06-01,2009-07-31,https://data.theglobalfund.org/grant/BGD-607-G07-M,2026-08-22
BGD-M-BRAC,BGD,Bangladesh,Country,Active,USD,73178588.82,72595345.64,70933213.55,2010-07-01,2026-12-31,https://data.theglobalfund.org/grant/BGD-M-BRAC,2026-08-22
BGD-M-NMCP,BGD,Bangladesh,Country,Active,USD,90475534.03,89128738.04,88645711.96,2010-07-01,2026-12-31,https://data.theglobalfund.org/grant/BGD-M-NMCP,2026-08-22
BOL-304-G02-M,BOL,Bolivia (Plurinational State),Country,Administratively Closed,USD,3025736.12,3025736.12,3025736.12,2004-07-26,2006-07-25,https://data.theglobalfund.org/grant/BOL-304-G02-M,2026-08-22
BOL-306-G05-M,BOL,Bolivia (Plurinational State),Country,Administratively Closed,USD,2085355.54,2085355.54,2085355.54,2006-05-01,2007-07-31,https://data.theglobalfund.org/grant/BOL-306-G05-M,2026-08-22
BOL-809-G08-M,BOL,Bolivia (Plurinational State),Country,Administratively Closed,USD,13412218.75,13412218.75,13412218.75,2009-10-01,2016-02-29,https://data.theglobalfund.org/grant/BOL-809-G08-M,2026-08-22
BOL-M-UNDP,BOL,Bolivia (Plurinational State),Country,Active,USD,24915743.52,24085003.11,22972195.21,2016-03-01,2027-12-31,https://data.theglobalfund.org/grant/BOL-M-UNDP,2026-08-22
BRA-809-G03-M,BRA,Brazil,Country,Administratively Closed,USD,4996762.84,4996762.84,4996762.84,2009-12-01,2011-11-30,https://data.theglobalfund.org/grant/BRA-809-G03-M,2026-08-22
BRA-809-G04-M,BRA,Brazil,Country,Administratively Closed,USD,12229062.39,12229062.39,12229062.39,2009-12-01,2011-11-30,https://data.theglobalfund.org/grant/BRA-809-G04-M,2026-08-22
BRN-910-G10-M,BDI,Burundi,Country,Administratively Closed,USD,7358680.97,7358680.97,7358680.97,2010-08-01,2015-12-31,https://data.theglobalfund.org/grant/BRN-910-G10-M,2026-08-22
BTN-405-G01-M,BTN,Bhutan,Country,Administratively Closed,USD,1343197.81,1343197.81,1343197.81,2005-04-01,2010-03-31,https://data.theglobalfund.org/grant/BTN-405-G01-M,2026-08-22
BTN-708-G05-M,BTN,Bhutan,Country,Administratively Closed,USD,3515678.98,3515678.98,3515678.98,2008-07-01,2015-06-30,https://data.theglobalfund.org/grant/BTN-708-G05-M,2026-08-22
BTN-M-MOH,BTN,Bhutan,Country,Active,USD,6439582.54,5845520.88,5771612.47,2015-07-01,2027-06-30,https://data.theglobalfund.org/grant/BTN-M-MOH,2026-08-22
BUR-708-G07-M,BFA,Burkina Faso,Country,Administratively Closed,USD,20110988.02,20110988.02,20110988.02,2008-05-01,2011-12-31,https://data.theglobalfund.org/grant/BUR-708-G07-M,2026-08-22
BUR-809-G08-M,BFA,Burkina Faso,Country,Administratively Closed,USD,31218174.9,31218174.9,31218174.9,2009-09-01,2011-12-31,https://data.theglobalfund.org/grant/BUR-809-G08-M,2026-08-22
BUR-M-PLAN,BFA,Burkina Faso,Country,Administratively Closed,USD,11470402.04,11470402.04,11470402.04,2012-01-01,2014-12-31,https://data.theglobalfund.org/grant/BUR-M-PLAN,2026-08-22
BWA-M-BMOH,BWA,Botswana,Country,Administratively Closed,USD,4961456.81,4961456.81,4961456.81,2015-10-01,2022-03-31,https://data.theglobalfund.org/grant/BWA-M-BMOH,2026-08-22
CAF-405-G04-M,CAF,Central African Republic,Country,Administratively Closed,USD,13556991.45,13556991.45,13556991.45,2005-05-01,2010-10-31,https://data.theglobalfund.org/grant/CAF-405-G04-M,2026-08-22
CAF-810-G08-M,CAF,Central African Republic,Country,Administratively Closed,USD,5257649.91,5257649.91,5257649.91,2011-06-01,2013-11-30,https://data.theglobalfund.org/grant/CAF-810-G08-M,2026-08-22
CAF-813-G10-M,CAF,Central African Republic,Country,Administratively Closed,USD,19623372.45,19623372.45,19623372.45,2013-10-01,2016-06-30,https://data.theglobalfund.org/grant/CAF-813-G10-M,2026-08-22
CAF-M-IFRC,CAF,Central African Republic,Country,Administratively Closed,USD,23938186.42,23938186.42,23938186.42,2016-07-01,2017-12-31,https://data.theglobalfund.org/grant/CAF-M-IFRC,2026-08-22
CAF-M-WVI,CAF,Central African Republic,Country,In Closure,USD,126091534.9,125982872.05,125834834.16,2017-09-26,2023-12-31,https://data.theglobalfund.org/grant/CAF-M-WVI,2026-08-22
CAM-M-CNM,KHM,Cambodia,Country,Administratively Closed,USD,29454602.84,29454602.84,29454602.84,2010-07-01,2013-03-31,https://data.theglobalfund.org/grant/CAM-M-CNM,2026-08-22
CHN-011-G15-M,CHN,China,Country,Administratively Closed,USD,4763909.09,4763909.09,4763909.09,2012-01-01,2013-12-31,https://data.theglobalfund.org/grant/CHN-011-G15-M,2026-08-22
CHN-102-G02-M-00,CHN,China,Country,Administratively Closed,USD,6242697.75,6242697.75,6242697.75,2003-04-01,2008-03-31,https://data.theglobalfund.org/grant/CHN-102-G02-M-00,2026-08-22
CHN-506-G07-M,CHN,China,Country,Administratively Closed,USD,30998298.61,30998298.61,30998298.61,2006-10-01,2011-09-30,https://data.theglobalfund.org/grant/CHN-506-G07-M,2026-08-22
CHN-607-G09-M,CHN,China,Country,Administratively Closed,USD,11518042.54,11518042.54,11518042.54,2007-07-01,2012-06-30,https://data.theglobalfund.org/grant/CHN-607-G09-M,2026-08-22
CHN-S10-G13-M,CHN,China,Country,Administratively Closed,USD,60097627.88,60097627.88,60097627.88,2010-07-01,2012-06-30,https://data.theglobalfund.org/grant/CHN-S10-G13-M,2026-08-22
CIV-607-G06-M,CIV,Côte d'Ivoire,Country,Administratively Closed,USD,9017980.78,9017980.78,9017980.78,2007-12-01,2010-06-30,https://data.theglobalfund.org/grant/CIV-607-G06-M,2026-08-22
CIV-809-G08-M,CIV,Côte d'Ivoire,Country,Administratively Closed,USD,76624615.27,76624615.27,76624615.27,2010-01-01,2015-06-30,https://data.theglobalfund.org/grant/CIV-809-G08-M,2026-08-22
CIV-809-G09-M,CIV,Côte d'Ivoire,Country,Administratively Closed,USD,109946509.65,109946509.65,109946509.65,2010-01-01,2015-09-30,https://data.theglobalfund.org/grant/CIV-809-G09-M,2026-08-22
CIV-M-MOH,CIV,Côte d'Ivoire,Country,Active,USD,349081556.29,335131977.4,319735958.33,2015-07-01,2026-12-31,https://data.theglobalfund.org/grant/CIV-M-MOH,2026-08-22
CIV-M-SCI,CIV,Côte d'Ivoire,Country,Active,USD,132650607.76,126669653.78,126671338.84,2016-01-01,2026-12-31,https://data.theglobalfund.org/grant/CIV-M-SCI,2026-08-22
CMR-304-G02-M,CMR,Cameroon,Country,Administratively Closed,USD,29721395,29721395,29721395,2005-01-01,2009-12-31,https://data.theglobalfund.org/grant/CMR-304-G02-M,2026-08-22
CMR-506-G06-M,CMR,Cameroon,Country,Administratively Closed,USD,9032307.97,9032307.97,9032307.97,2006-11-01,2011-10-31,https://data.theglobalfund.org/grant/CMR-506-G06-M,2026-08-22
CMR-910-G07-M,CMR,Cameroon,Country,Administratively Closed,USD,73097349.15,73097349.15,73097349.15,2011-01-01,2015-12-31,https://data.theglobalfund.org/grant/CMR-910-G07-M,2026-08-22
CMR-910-G08-M,CMR,Cameroon,Country,Administratively Closed,USD,12794839.21,12794839.21,12794839.21,2011-01-01,2015-12-31,https://data.theglobalfund.org/grant/CMR-910-G08-M,2026-08-22
CMR-M-MOH,CMR,Cameroon,Country,Active,USD,355685341.84,343950312.49,333001417.22,2015-01-01,2026-12-31,https://data.theglobalfund.org/grant/CMR-M-MOH,2026-08-22
COD-809-G07-M,COD,Congo (Democratic Republic),Country,Administratively Closed,USD,72421294.42,72421294.42,72421294.42,2010-01-01,2012-06-30,https://data.theglobalfund.org/grant/COD-809-G07-M,2026-08-22
COD-810-G08-M,COD,Congo (Democratic Republic),Country,Administratively Closed,USD,37690725,37690725,37690725,2010-01-01,2012-03-31,https://data.theglobalfund.org/grant/COD-810-G08-M,2026-08-22
COD-M-MOH,COD,Congo (Democratic Republic),Country,Active,USD,191479414.73,178898651.57,178674869.45,2015-01-01,2026-12-31,https://data.theglobalfund.org/grant/COD-M-MOH,2026-08-22
COD-M-PSI,COD,Congo (Democratic Republic),Country,Administratively Closed,USD,156623302.75,156623302.75,156623302.75,2015-01-01,2017-12-31,https://data.theglobalfund.org/grant/COD-M-PSI,2026-08-22
COD-M-PSI-X,COD,Congo (Democratic Republic),Country,Administratively Closed,USD,90110066.21,90110066.21,90110066.21,2012-07-01,2014-12-31,https://data.theglobalfund.org/grant/COD-M-PSI-X,2026-08-22
COD-M-SANRU,COD,Congo (Democratic Republic),Country,Active,USD,1406072361.09,1357767726.68,1340868094.25,2012-07-01,2026-12-31,https://data.theglobalfund.org/grant/COD-M-SANRU,2026-08-22
COG-810-G03-M,COG,Congo,Country,Administratively Closed,USD,1895254.77,1895254.77,1895254.77,2011-01-01,2013-03-31,https://data.theglobalfund.org/grant/COG-810-G03-M,2026-08-22
COG-810-G04-M,COG,Congo,Country,Administratively Closed,USD,12766330.28,12766330.28,12766330.28,2010-09-01,2013-03-31,https://data.theglobalfund.org/grant/COG-810-G04-M,2026-08-22
COG-M-CRS,COG,Congo,Country,Active,USD,98411548.08,95134140.61,88540142.12,2020-07-16,2026-12-31,https://data.theglobalfund.org/grant/COG-M-CRS,2026-08-22
COL-809-G02-M,COL,Colombia,Country,Administratively Closed,USD,16419427.34,16419427.34,16419427.34,2010-03-01,2015-02-28,https://data.theglobalfund.org/grant/COL-809-G02-M,2026-08-22
COL-809-G03-M,COL,Colombia,Country,Administratively Closed,USD,11370514.86,11370514.86,11370514.86,2010-03-01,2015-02-28,https://data.theglobalfund.org/grant/COL-809-G03-M,2026-08-22
COM-202-G01-M-00,COM,Comoros,Country,Administratively Closed,USD,2279771.29,2279771.29,2279771.29,2004-06-01,2009-11-30,https://data.theglobalfund.org/grant/COM-202-G01-M-00,2026-08-22
COM-810-G03-M,COM,Comoros,Country,In Closure,USD,10626902.9,10626902.9,10626902.9,2010-04-01,2015-09-30,https://data.theglobalfund.org/grant/COM-810-G03-M,2026-08-22
COM-M-PNLP,COM,Comoros,Country,Active,USD,22842441.38,21554521.2,20985859.21,2016-01-01,2027-12-31,https://data.theglobalfund.org/grant/COM-M-PNLP,2026-08-22
CPV-011-G03-M,CPV,Cabo Verde,Country,Administratively Closed,USD,1235231.61,1235231.61,1235231.61,2012-01-01,2015-06-30,https://data.theglobalfund.org/grant/CPV-011-G03-M,2026-08-22
CPV-M-CCSSIDA,CPV,Cabo Verde,Country,Administratively Closed,USD,958655.47,958655.47,958655.47,2015-07-01,2017-12-31,https://data.theglobalfund.org/grant/CPV-M-CCSSIDA,2026-08-22
DJB-607-G02-M,DJI,Djibouti,Country,Administratively Closed,USD,2606317.42,2606317.42,2606317.42,2007-06-01,2012-05-31,https://data.theglobalfund.org/grant/DJB-607-G02-M,2026-08-22
DJI-M-UNDP,DJI,Djibouti,Country,Administratively Closed,USD,9925337.9,9925337.9,9925337.9,2016-01-01,2020-12-31,https://data.theglobalfund.org/grant/DJI-M-UNDP,2026-08-22
DOM-809-G05-M,DOM,Dominican Republic,Country,Administratively Closed,USD,2507880.3,2507880.3,2507880.3,2009-10-01,2014-09-30,https://data.theglobalfund.org/grant/DOM-809-G05-M,2026-08-22
DOM-809-G06-M,DOM,Dominican Republic,Country,Administratively Closed,USD,4635809.24,4635809.24,4635809.24,2009-10-01,2014-09-30,https://data.theglobalfund.org/grant/DOM-809-G06-M,2026-08-22
ECU-809-G04-M,ECU,Ecuador,Country,Administratively Closed,USD,1417882.99,1417882.99,1417882.99,2010-02-01,2015-01-31,https://data.theglobalfund.org/grant/ECU-809-G04-M,2026-08-22
ECU-809-G05-M,ECU,Ecuador,Country,Administratively Closed,USD,6440745,6440745,6440745,2010-02-01,2015-01-31,https://data.theglobalfund.org/grant/ECU-809-G05-M,2026-08-22
ERI-202-G01-M-00,ERI,Eritrea,Country,Administratively Closed,USD,7189936.86,7189936.86,7189936.86,2003-11-28,2008-11-27,https://data.theglobalfund.org/grant/ERI-202-G01-M-00,2026-08-22
ERI-607-G05-M,ERI,Eritrea,Country,Administratively Closed,USD,11053173.23,11053173.23,11053173.23,2007-11-01,2012-10-31,https://data.theglobalfund.org/grant/ERI-607-G05-M,2026-08-22
ERI-910-G07-M,ERI,Eritrea,Country,Administratively Closed,USD,49390714,49390714,49390714,2010-08-01,2015-07-31,https://data.theglobalfund.org/grant/ERI-910-G07-M,2026-08-22
ERI-M-MOH,ERI,Eritrea,Country,Active,USD,87568740.26,84427152.06,74986287.22,2015-07-01,2026-12-31,https://data.theglobalfund.org/grant/ERI-M-MOH,2026-08-22
ETH-202-G02-M-00,ETH,Ethiopia,Country,Administratively Closed,USD,73778090.72,73778090.72,73778090.72,2003-10-01,2009-03-31,https://data.theglobalfund.org/grant/ETH-202-G02-M-00,2026-08-22
ETH-506-G05-M,ETH,Ethiopia,Country,Administratively Closed,USD,131997991.88,131997991.88,131997991.88,2006-07-01,2011-06-30,https://data.theglobalfund.org/grant/ETH-506-G05-M,2026-08-22
ETH-809-G10-M,ETH,Ethiopia,Country,Administratively Closed,USD,289370786.88,289370786.88,289370786.88,2009-11-01,2015-06-30,https://data.theglobalfund.org/grant/ETH-809-G10-M,2026-08-22
ETH-M-FMOH,ETH,Ethiopia,Country,Active,USD,410215871.73,399008747.85,395443649.98,2015-07-01,2027-06-30,https://data.theglobalfund.org/grant/ETH-M-FMOH,2026-08-22
ETH-M-UNICEF,ETH,Ethiopia,Country,Active,USD,601347.22,601347.22,601347.22,2019-07-01,2025-09-30,https://data.theglobalfund.org/grant/ETH-M-UNICEF,2026-08-22
GAB-404-G02-M,GAB,Gabon,Country,Administratively Closed,USD,8476959.93,8476959.93,8476959.93,2005-01-01,2006-12-31,https://data.theglobalfund.org/grant/GAB-404-G02-M,2026-08-22
GAB-506-G03-M,GAB,Gabon,Country,Administratively Closed,USD,4066498.53,4066498.53,4066498.53,2006-08-01,2008-10-31,https://data.theglobalfund.org/grant/GAB-506-G03-M,2026-08-22
GAB-509-G04-M,GAB,Gabon,Country,Administratively Closed,USD,3938823.77,3938823.77,3938823.77,2009-04-01,2011-01-31,https://data.theglobalfund.org/grant/GAB-509-G04-M,2026-08-22
GEO-304-G02-M,GEO,Georgia,Country,Administratively Closed,USD,806300,806300,806300,2004-07-01,2007-06-30,https://data.theglobalfund.org/grant/GEO-304-G02-M,2026-08-22
GEO-607-G04-M,GEO,Georgia,Country,Administratively Closed,USD,2175214.46,2175214.46,2175214.46,2007-07-01,2011-03-31,https://data.theglobalfund.org/grant/GEO-607-G04-M,2026-08-22
GEO-611-G09-M,GEO,Georgia,Country,Administratively Closed,USD,519195.34,519195.34,519195.34,2011-04-01,2012-06-30,https://data.theglobalfund.org/grant/GEO-611-G09-M,2026-08-22
GHA-202-G03-M-00,GHA,Ghana,Country,Administratively Closed,USD,8849490.98,8849490.98,8849490.98,2003-09-01,2008-08-31,https://data.theglobalfund.org/grant/GHA-202-G03-M-00,2026-08-22
GHA-405-G04-M,GHA,Ghana,Country,Administratively Closed,USD,87799326.33,87799326.33,87799326.33,2005-03-01,2012-02-29,https://data.theglobalfund.org/grant/GHA-405-G04-M,2026-08-22
GHA-809-G07-M,GHA,Ghana,Country,Administratively Closed,USD,2288504,2288504,2288504,2010-01-01,2011-12-31,https://data.theglobalfund.org/grant/GHA-809-G07-M,2026-08-22
GHA-809-G08-M,GHA,Ghana,Country,Administratively Closed,USD,54768358,54768358,54768358,2010-01-01,2015-12-31,https://data.theglobalfund.org/grant/GHA-809-G08-M,2026-08-22
GHA-M-AGAMal,GHA,Ghana,Country,Active,USD,83240634.42,83240634.21,82371357.21,2015-03-01,2026-12-31,https://data.theglobalfund.org/grant/GHA-M-AGAMal,2026-08-22
GHA-M-MOH,GHA,Ghana,Country,Active,USD,492455806.45,487242459.59,468404120.39,2011-07-01,2026-12-31,https://data.theglobalfund.org/grant/GHA-M-MOH,2026-08-22
GIN-202-G02-M-00,GIN,Guinea,Country,Administratively Closed,USD,6008064.32,6008064.32,6008064.32,2004-04-01,2009-09-30,https://data.theglobalfund.org/grant/GIN-202-G02-M-00,2026-08-22
GIN-607-G05-M,GIN,Guinea,Country,Administratively Closed,USD,12856132.58,12856132.58,12856132.58,2008-01-01,2010-06-30,https://data.theglobalfund.org/grant/GIN-607-G05-M,2026-08-22
GIN-M-CRS,GIN,Guinea,Country,Active,USD,309164123.84,302194812.67,295488785.24,2012-01-01,2026-12-31,https://data.theglobalfund.org/grant/GIN-M-CRS,2026-08-22
GIN-M-PNLP,GIN,Guinea,Country,Administratively Closed,USD,1610317.23,1610317.23,1610317.23,2012-01-01,2013-12-31,https://data.theglobalfund.org/grant/GIN-M-PNLP,2026-08-22
GMB-304-G02-M,GMB,Gambia,Country,Administratively Closed,USD,14794704,14794704,14794704,2004-10-01,2010-04-30,https://data.theglobalfund.org/grant/GMB-304-G02-M,2026-08-22
GMB-607-G04-M,GMB,Gambia,Country,Administratively Closed,USD,11585192.97,11585192.97,11585192.97,2007-07-01,2012-06-30,https://data.theglobalfund.org/grant/GMB-607-G04-M,2026-08-22
GMB-M-CRS,GMB,Gambia,Country,Administratively Closed,USD,11614018.1,11614018.1,11614018.1,2010-05-01,2018-06-30,https://data.theglobalfund.org/grant/GMB-M-CRS,2026-08-22
GMB-M-MOH,GMB,Gambia,Country,Active,USD,115268736.7,110564949.08,109973447.9,2010-05-01,2027-06-30,https://data.theglobalfund.org/grant/GMB-M-MOH,2026-08-22
GNB-404-G03-M,GNB,Guinea-Bissau,Country,Administratively Closed,USD,2100706.82,2100706.82,2100706.82,2005-01-01,2009-12-31,https://data.theglobalfund.org/grant/GNB-404-G03-M,2026-08-22
GNB-409-G08-M,GNB,Guinea-Bissau,Country,Administratively Closed,USD,593473.82,593473.82,593473.82,2008-07-01,2010-09-30,https://data.theglobalfund.org/grant/GNB-409-G08-M,2026-08-22
GNB-607-G04-M,GNB,Guinea-Bissau,Country,Administratively Closed,USD,3134240.72,3134240.72,3134240.72,2007-12-01,2010-06-30,https://data.theglobalfund.org/grant/GNB-607-G04-M,2026-08-22
GNB-M-MOH,GNB,Guinea-Bissau,Country,Administratively Closed,USD,10338339.16,10338339.16,10338339.16,2010-07-01,2014-06-30,https://data.theglobalfund.org/grant/GNB-M-MOH,2026-08-22
GNB-M-UNDP,GNB,Guinea-Bissau,Country,Active,USD,109240246.17,103562032.65,103345679.25,2013-07-01,2026-12-31,https://data.theglobalfund.org/grant/GNB-M-UNDP,2026-08-22
GNQ-506-G02-M,GNQ,Equatorial Guinea,Country,Administratively Closed,USD,22205169.87,22205169.87,22205169.87,2006-10-01,2011-09-30,https://data.theglobalfund.org/grant/GNQ-506-G02-M,2026-08-22
GTM-405-G02-M,GTM,Guatemala,Country,Administratively Closed,USD,12753600.47,12753600.47,12753600.47,2005-09-01,2010-08-31,https://data.theglobalfund.org/grant/GTM-405-G02-M,2026-08-22
GTM-M-IDB,GTM,Guatemala,Country,Administratively Closed,USD,1883522,1883522,1883522,2020-12-02,2024-12-31,https://data.theglobalfund.org/grant/GTM-M-IDB,2026-08-22
GTM-M-MSPAS,GTM,Guatemala,Country,Active,USD,33064604.48,30945427.48,30706291.49,2011-04-01,2027-12-31,https://data.theglobalfund.org/grant/GTM-M-MSPAS,2026-08-22
GUY-304-G02-M,GUY,Guyana,Country,Administratively Closed,USD,2473300.81,2473300.81,2473300.81,2005-01-01,2011-08-31,https://data.theglobalfund.org/grant/GUY-304-G02-M,2026-08-22
GUY-708-G04-M,GUY,Guyana,Country,Administratively Closed,USD,1207916.46,1207916.46,1207916.46,2009-05-01,2011-08-31,https://data.theglobalfund.org/grant/GUY-708-G04-M,2026-08-22
GUY-M-MOH,GUY,Guyana,Country,Active,USD,7538561.47,6315386.75,6284129.84,2011-09-01,2028-12-31,https://data.theglobalfund.org/grant/GUY-M-MOH,2026-08-22
HND-102-G03-M-00,HND,Honduras,Country,Administratively Closed,USD,7127623.16,7127623.16,7127623.16,2003-05-01,2008-04-30,https://data.theglobalfund.org/grant/HND-102-G03-M-00,2026-08-22
HND-102-G05-M-00,HND,Honduras,Country,Administratively Closed,USD,6564349.35,6564349.35,6564349.35,2008-05-01,2015-04-30,https://data.theglobalfund.org/grant/HND-102-G05-M-00,2026-08-22
HND-M-CHF,HND,Honduras,Country,Active,USD,16933414.52,16024515.61,15750657.12,2015-05-01,2027-12-31,https://data.theglobalfund.org/grant/HND-M-CHF,2026-08-22
HTI-304-G03-M,HTI,Haiti,Country,Administratively Closed,USD,12845540,12845540,12845540,2004-08-01,2009-09-30,https://data.theglobalfund.org/grant/HTI-304-G03-M,2026-08-22
HTI-811-G07-M,HTI,Haiti,Country,Administratively Closed,USD,35883070,35883070,35883070,2011-02-01,2015-12-31,https://data.theglobalfund.org/grant/HTI-811-G07-M,2026-08-22
HTI-M-PSI,HTI,Haiti,Country,Administratively Closed,USD,36251769,36251769,36251769,2016-01-01,2020-12-31,https://data.theglobalfund.org/grant/HTI-M-PSI,2026-08-22
HTI-M-UNDP,HTI,Haiti,Country,Active,USD,63355321.4,58888748.85,58232717.85,2020-06-05,2026-12-31,https://data.theglobalfund.org/grant/HTI-M-UNDP,2026-08-22
IDA-405-G07-M,IND,India,Country,Administratively Closed,USD,56224799,56224799,56224799,2005-07-01,2010-06-30,https://data.theglobalfund.org/grant/IDA-405-G07-M,2026-08-22
IDA-910-G22-M,IND,India,Country,Administratively Closed,USD,8675981,8675981,8675981,2010-10-01,2015-09-30,https://data.theglobalfund.org/grant/IDA-910-G22-M,2026-08-22
IDA-911-G23-M,IND,India,Country,Administratively Closed,USD,20615843.96,20615843.96,20615843.96,2010-10-01,2015-09-30,https://data.theglobalfund.org/grant/IDA-911-G23-M,2026-08-22
IDA-M-CARITAS,IND,India,Country,Administratively Closed,USD,5961184.26,5961184.26,5961184.26,2015-10-01,2017-12-31,https://data.theglobalfund.org/grant/IDA-M-CARITAS,2026-08-22
IDN-102-G02-M-00,IDN,Indonesia,Country,Administratively Closed,USD,19723871.4,19723871.4,19723871.4,2003-07-01,2008-06-30,https://data.theglobalfund.org/grant/IDN-102-G02-M-00,2026-08-22
IDN-607-G06-M,IDN,Indonesia,Country,Administratively Closed,USD,51500456.6,51500456.6,51500456.6,2008-03-01,2013-02-28,https://data.theglobalfund.org/grant/IDN-607-G06-M,2026-08-22
IDN-809-G13-M,IDN,Indonesia,Country,Administratively Closed,USD,12534964.28,12534964.28,12534964.28,2010-01-01,2014-12-31,https://data.theglobalfund.org/grant/IDN-809-G13-M,2026-08-22
IDN-809-G14-M,IDN,Indonesia,Country,Administratively Closed,USD,65613508.08,65613508.08,65613508.08,2010-01-01,2013-02-28,https://data.theglobalfund.org/grant/IDN-809-G14-M,2026-08-22
IDN-M-MOH,IDN,Indonesia,Country,Active,USD,228458388.97,218165714.51,210112717.29,2013-03-01,2026-12-31,https://data.theglobalfund.org/grant/IDN-M-MOH,2026-08-22
IDN-M-PERDHAK,IDN,Indonesia,Country,Active,USD,40701856.67,40466152.38,38564791.31,2015-01-01,2026-12-31,https://data.theglobalfund.org/grant/IDN-M-PERDHAK,2026-08-22
IND-M-NVBDCP,IND,India,Country,Active,USD,256036149.97,249060150.9,208462858.97,2015-10-01,2027-03-31,https://data.theglobalfund.org/grant/IND-M-NVBDCP,2026-08-22
IND-M-TCIF,IND,India,Country,Active,USD,7731826.32,6200510.32,5993080.32,2020-11-30,2027-03-31,https://data.theglobalfund.org/grant/IND-M-TCIF,2026-08-22
IRN-708-G02-M,IRN,Iran (Islamic Republic),Country,Administratively Closed,USD,6897412.79,6897412.79,6897412.79,2008-10-01,2011-09-30,https://data.theglobalfund.org/grant/IRN-708-G02-M,2026-08-22
IRN-M-UNDP,IRN,Iran (Islamic Republic),Country,Administratively Closed,USD,20143587.66,20143587.66,20143587.66,2011-10-01,2017-09-30,https://data.theglobalfund.org/grant/IRN-M-UNDP,2026-08-22
KEN-011-G13-M,KEN,Kenya,Country,Administratively Closed,USD,81882069.63,81882069.63,81882069.63,2012-01-01,2016-12-31,https://data.theglobalfund.org/grant/KEN-011-G13-M,2026-08-22
KEN-011-G14-M,KEN,Kenya,Country,Administratively Closed,USD,11736707,11736707,11736707,2012-02-01,2015-07-31,https://data.theglobalfund.org/grant/KEN-011-G14-M,2026-08-22
KEN-202-G05-M-00,KEN,Kenya,Country,Administratively Closed,USD,3854630.6,3854630.6,3854630.6,2003-10-01,2008-09-30,https://data.theglobalfund.org/grant/KEN-202-G05-M-00,2026-08-22
KEN-405-G06-M,KEN,Kenya,Country,Administratively Closed,USD,154566361.64,154566361.64,154566361.64,2006-02-01,2013-12-31,https://data.theglobalfund.org/grant/KEN-405-G06-M,2026-08-22
KEN-M-AMREF,KEN,Kenya,Country,Active,USD,62780491.07,59085212.73,57030206.2,2015-10-01,2027-06-30,https://data.theglobalfund.org/grant/KEN-M-AMREF,2026-08-22
KEN-M-TNT,KEN,Kenya,Country,Active,USD,240819627.7,237565652.25,198313620.62,2015-10-01,2027-06-30,https://data.theglobalfund.org/grant/KEN-M-TNT,2026-08-22
KGZ-506-G03-M,KGZ,Kyrgyzstan,Country,Administratively Closed,USD,3229176.37,3229176.37,3229176.37,2006-04-01,2011-03-31,https://data.theglobalfund.org/grant/KGZ-506-G03-M,2026-08-22
KGZ-809-G06-M,KGZ,Kyrgyzstan,Country,Administratively Closed,USD,633876.98,633876.98,633876.98,2010-01-01,2011-12-31,https://data.theglobalfund.org/grant/KGZ-809-G06-M,2026-08-22
KGZ-811-G09-M,KGZ,Kyrgyzstan,Country,Administratively Closed,USD,2523402.49,2523402.49,2523402.49,2011-01-01,2014-12-31,https://data.theglobalfund.org/grant/KGZ-811-G09-M,2026-08-22
KHM-202-G03-M-00,KHM,Cambodia,Country,Administratively Closed,USD,9653287.46,9653287.46,9653287.46,2004-01-01,2008-12-31,https://data.theglobalfund.org/grant/KHM-202-G03-M-00,2026-08-22
KHM-202-G13-M,KHM,Cambodia,Country,Administratively Closed,USD,10916537,10916537,10916537,2009-05-01,2012-04-30,https://data.theglobalfund.org/grant/KHM-202-G13-M,2026-08-22
KHM-405-G06-M,KHM,Cambodia,Country,Administratively Closed,USD,9307609.25,9307609.25,9307609.25,2005-09-01,2010-08-31,https://data.theglobalfund.org/grant/KHM-405-G06-M,2026-08-22
KHM-607-G10-M,KHM,Cambodia,Country,Administratively Closed,USD,21492469.15,21492469.15,21492469.15,2008-01-01,2012-12-31,https://data.theglobalfund.org/grant/KHM-607-G10-M,2026-08-22
KHM-M-UNOPS,KHM,Cambodia,Country,Administratively Closed,USD,53670148.13,53670148.13,53670148.13,2013-04-01,2017-12-31,https://data.theglobalfund.org/grant/KHM-M-UNOPS,2026-08-22
LAO-102-G02-M-00,LAO,Lao (Peoples Democratic Republic),Country,Administratively Closed,USD,12709087,12709087,12709087,2003-05-01,2008-05-31,https://data.theglobalfund.org/grant/LAO-102-G02-M-00,2026-08-22
LAO-405-G05-M,LAO,Lao (Peoples Democratic Republic),Country,Administratively Closed,USD,14081341.96,14081341.96,14081341.96,2005-07-01,2010-12-31,https://data.theglobalfund.org/grant/LAO-405-G05-M,2026-08-22
LAO-607-G07-M,LAO,Lao (Peoples Democratic Republic),Country,Administratively Closed,USD,3445230.69,3445230.69,3445230.69,2007-09-01,2012-08-31,https://data.theglobalfund.org/grant/LAO-607-G07-M,2026-08-22
LAO-708-G09-M,LAO,Lao (Peoples Democratic Republic),Country,Administratively Closed,USD,24529285.17,24529285.17,24529285.17,2008-07-01,2015-12-31,https://data.theglobalfund.org/grant/LAO-708-G09-M,2026-08-22
LAO-M-GFMOH,LAO,Lao (Peoples Democratic Republic),Country,In Closure,USD,8657697.93,8657697.93,8657697.93,2016-01-01,2017-12-31,https://data.theglobalfund.org/grant/LAO-M-GFMOH,2026-08-22
LBR-304-G03-M,LBR,Liberia,Country,Administratively Closed,USD,11858379.23,11858379.23,11858379.23,2004-12-01,2007-02-28,https://data.theglobalfund.org/grant/LBR-304-G03-M,2026-08-22
LBR-708-G05-M,LBR,Liberia,Country,Administratively Closed,USD,18967158.19,18967158.19,18967158.19,2008-06-01,2011-05-31,https://data.theglobalfund.org/grant/LBR-708-G05-M,2026-08-22
LBR-M-CRS,LBR,Liberia,Country,Active,USD,60015311.71,37517382.27,32252693.01,2022-08-09,2027-06-30,https://data.theglobalfund.org/grant/LBR-M-CRS,2026-08-22
LBR-M-MOH,LBR,Liberia,Country,In Closure,USD,74815913.83,74815913.83,74815913.83,2011-06-01,2022-06-30,https://data.theglobalfund.org/grant/LBR-M-MOH,2026-08-22
LBR-M-PII,LBR,Liberia,Country,In Closure,USD,63920571.7,63920571.7,63920571.7,2011-06-01,2024-06-30,https://data.theglobalfund.org/grant/LBR-M-PII,2026-08-22
LKA-102-G01-M-00,LKA,Sri Lanka,Country,Administratively Closed,USD,2077223,2077223,2077223,2003-03-01,2009-02-28,https://data.theglobalfund.org/grant/LKA-102-G01-M-00,2026-08-22
LKA-405-G05-M,LKA,Sri Lanka,Country,Administratively Closed,USD,1959784.74,1959784.74,1959784.74,2005-10-01,2010-09-30,https://data.theglobalfund.org/grant/LKA-405-G05-M,2026-08-22
LKA-405-G06-M,LKA,Sri Lanka,Country,Administratively Closed,USD,1144603.57,1144603.57,1144603.57,2005-10-01,2010-09-30,https://data.theglobalfund.org/grant/LKA-405-G06-M,2026-08-22
LKA-809-G11-M,LKA,Sri Lanka,Country,Administratively Closed,USD,8524870.47,8524870.47,8524870.47,2009-09-01,2014-08-31,https://data.theglobalfund.org/grant/LKA-809-G11-M,2026-08-22
LKA-M-MOH,LKA,Sri Lanka,Country,Administratively Closed,USD,7692872.88,7692872.88,7692872.88,2016-01-01,2021-12-31,https://data.theglobalfund.org/grant/LKA-M-MOH,2026-08-22
MAF-202-G01-M-00,MCSEAF,Multicountry SEAF RMCC,Multicountry,Administratively Closed,USD,28281060.01,28281060.01,28281060.01,2003-08-01,2013-06-30,https://data.theglobalfund.org/grant/MAF-202-G01-M-00,2026-08-22
MAL-607-G04-M,MLI,Mali,Country,Administratively Closed,USD,2124528.18,2124528.18,2124528.18,2007-11-01,2012-12-31,https://data.theglobalfund.org/grant/MAL-607-G04-M,2026-08-22
MAL-607-G05-M,MLI,Mali,Country,Administratively Closed,USD,10096655.79,10096655.79,10096655.79,2007-09-01,2010-12-03,https://data.theglobalfund.org/grant/MAL-607-G05-M,2026-08-22
MDG-102-G01-M-00,MDG,Madagascar,Country,Administratively Closed,USD,1872363,1872363,1872363,2003-02-01,2005-07-31,https://data.theglobalfund.org/grant/MDG-102-G01-M-00,2026-08-22
MDG-304-G05-M,MDG,Madagascar,Country,Administratively Closed,USD,9901413.59,9901413.59,9901413.59,2004-11-01,2010-04-30,https://data.theglobalfund.org/grant/MDG-304-G05-M,2026-08-22
MDG-405-G06-M,MDG,Madagascar,Country,Administratively Closed,USD,21446655.09,21446655.09,21446655.09,2005-04-01,2008-09-30,https://data.theglobalfund.org/grant/MDG-405-G06-M,2026-08-22
MDG-405-G07-M,MDG,Madagascar,Country,Administratively Closed,USD,64926218.55,64926218.55,64926218.55,2005-03-01,2014-02-28,https://data.theglobalfund.org/grant/MDG-405-G07-M,2026-08-22
MDG-708-G09-M,MDG,Madagascar,Country,Administratively Closed,USD,27639977.53,27639977.53,27639977.53,2008-10-01,2014-06-30,https://data.theglobalfund.org/grant/MDG-708-G09-M,2026-08-22
MDG-708-G10-M,MDG,Madagascar,Country,Administratively Closed,USD,15767215.25,15767215.25,15767215.25,2008-12-01,2013-11-30,https://data.theglobalfund.org/grant/MDG-708-G10-M,2026-08-22
MDG-910-G15-M,MDG,Madagascar,Country,Administratively Closed,USD,1497309.78,1497309.78,1497309.78,2010-05-01,2013-03-31,https://data.theglobalfund.org/grant/MDG-910-G15-M,2026-08-22
MDG-910-G16-M,MDG,Madagascar,Country,Administratively Closed,USD,15650524.28,15650524.28,15650524.28,2010-10-01,2013-03-31,https://data.theglobalfund.org/grant/MDG-910-G16-M,2026-08-22
MDG-910-G17-M,MDG,Madagascar,Country,Administratively Closed,USD,10352983.98,10352983.98,10352983.98,2010-10-01,2013-06-30,https://data.theglobalfund.org/grant/MDG-910-G17-M,2026-08-22
MDG-910-G18-M,MDG,Madagascar,Country,Administratively Closed,USD,7066754.06,7066754.06,7066754.06,2010-10-01,2013-03-31,https://data.theglobalfund.org/grant/MDG-910-G18-M,2026-08-22
MDG-910-G19-M,MDG,Madagascar,Country,Administratively Closed,USD,20453977.39,20453977.39,20453977.39,2010-10-01,2015-09-30,https://data.theglobalfund.org/grant/MDG-910-G19-M,2026-08-22
MDG-M-MOH,MDG,Madagascar,Country,Administratively Closed,USD,21111326.28,21111326.28,21111326.28,2016-07-01,2021-06-30,https://data.theglobalfund.org/grant/MDG-M-MOH,2026-08-22
MDG-M-PSI,MDG,Madagascar,Country,Active,USD,214846810.54,212396450.32,211795053.74,2014-07-01,2026-12-31,https://data.theglobalfund.org/grant/MDG-M-PSI,2026-08-22
MLI-102-G01-M-00,MLI,Mali,Country,Administratively Closed,USD,2592316,2592316,2592316,2003-12-01,2007-04-30,https://data.theglobalfund.org/grant/MLI-102-G01-M-00,2026-08-22
MLI-M-CRS,MLI,Mali,Country,Active,USD,149211067.48,137514412,120404756.21,2021-06-16,2027-12-31,https://data.theglobalfund.org/grant/MLI-M-CRS,2026-08-22
MLI-M-PSI,MLI,Mali,Country,Administratively Closed,USD,170985642.89,170485661.8,170485661.8,2013-04-01,2021-12-31,https://data.theglobalfund.org/grant/MLI-M-PSI,2026-08-22
MLW-708-G05-M,MWI,Malawi,Country,Administratively Closed,USD,56412590.6,56412590.6,56412590.6,2009-01-01,2015-06-30,https://data.theglobalfund.org/grant/MLW-708-G05-M,2026-08-22
MLW-911-G08-M,MWI,Malawi,Country,Administratively Closed,USD,63741085.87,63741085.87,63741085.87,2011-01-01,2015-12-31,https://data.theglobalfund.org/grant/MLW-911-G08-M,2026-08-22
MMR-305-G03-M,MMR,Myanmar,Country,Administratively Closed,USD,2169078.93,2169078.93,2169078.93,2005-04-01,2007-03-31,https://data.theglobalfund.org/grant/MMR-305-G03-M,2026-08-22
MMR-M-SCF,MMR,Myanmar,Country,Administratively Closed,USD,37600097.12,37600097.12,37600097.12,2011-01-01,2017-12-31,https://data.theglobalfund.org/grant/MMR-M-SCF,2026-08-22
MMR-M-UNOPS,MMR,Myanmar,Country,Administratively Closed,USD,87811349,87811349,87811349,2011-01-01,2017-12-31,https://data.theglobalfund.org/grant/MMR-M-UNOPS,2026-08-22
MOZ-202-G03-M-00,MOZ,Mozambique,Country,Administratively Closed,USD,26502694.58,26502694.58,26502694.58,2005-01-01,2010-06-30,https://data.theglobalfund.org/grant/MOZ-202-G03-M-00,2026-08-22
MOZ-607-G06-M,MOZ,Mozambique,Country,Administratively Closed,USD,30669410.1,30669410.1,30669410.1,2007-07-01,2012-06-30,https://data.theglobalfund.org/grant/MOZ-607-G06-M,2026-08-22
MOZ-911-G11-M,MOZ,Mozambique,Country,Administratively Closed,USD,53720691.4,53720691.4,53720691.4,2011-07-01,2016-06-30,https://data.theglobalfund.org/grant/MOZ-911-G11-M,2026-08-22
MOZ-911-G12-M,MOZ,Mozambique,Country,Administratively Closed,USD,37536783.88,37536783.88,37536783.88,2011-07-01,2016-06-30,https://data.theglobalfund.org/grant/MOZ-911-G12-M,2026-08-22
MOZ-M-MOH,MOZ,Mozambique,Country,Active,USD,486719531.24,480520903.16,465226856.37,2015-07-01,2026-12-31,https://data.theglobalfund.org/grant/MOZ-M-MOH,2026-08-22
MOZ-M-WV,MOZ,Mozambique,Country,Active,USD,204106489.73,199879387.98,190273504.98,2015-07-01,2026-12-31,https://data.theglobalfund.org/grant/MOZ-M-WV,2026-08-22
MRT-202-G02-M-00,MRT,Mauritania,Country,Administratively Closed,USD,1319463.86,1319463.86,1319463.86,2004-04-01,2009-03-31,https://data.theglobalfund.org/grant/MRT-202-G02-M-00,2026-08-22
MRT-607-G04-M,MRT,Mauritania,Country,Administratively Closed,USD,2425048.33,2425048.33,2425048.33,2007-12-01,2010-11-30,https://data.theglobalfund.org/grant/MRT-607-G04-M,2026-08-22
MRT-M-SENLS,MRT,Mauritania,Country,In Closure,USD,11386177.41,11386177.41,11386177.41,2016-07-01,2019-06-30,https://data.theglobalfund.org/grant/MRT-M-SENLS,2026-08-22
MWI-202-G02-M-00,MWI,Malawi,Country,Administratively Closed,USD,17957714,17957714,17957714,2006-02-01,2008-01-31,https://data.theglobalfund.org/grant/MWI-202-G02-M-00,2026-08-22
MWI-M-MOH,MWI,Malawi,Country,Active,USD,344876009.6,316584678.22,308971067.99,2016-01-01,2027-06-30,https://data.theglobalfund.org/grant/MWI-M-MOH,2026-08-22
MWI-M-WVM,MWI,Malawi,Country,In Closure,USD,78354155.82,78354155.82,78354155.82,2016-01-01,2024-06-30,https://data.theglobalfund.org/grant/MWI-M-WVM,2026-08-22
NAM-M-MOH,NAM,Namibia,Country,Administratively Closed,USD,2538847.24,2538847.24,2538847.24,2017-11-16,2020-12-31,https://data.theglobalfund.org/grant/NAM-M-MOH,2026-08-22
NEP-M-EDCD,NPL,Nepal,Country,Administratively Closed,USD,3089843.02,3089843.02,3089843.02,2011-01-16,2015-07-15,https://data.theglobalfund.org/grant/NEP-M-EDCD,2026-08-22
NEP-M-PSI,NPL,Nepal,Country,Administratively Closed,USD,10208520,10208520,10208520,2011-01-16,2014-09-30,https://data.theglobalfund.org/grant/NEP-M-PSI,2026-08-22
NER-304-G02-M,NER,Niger,Country,Administratively Closed,USD,4317190.43,4317190.43,4317190.43,2004-09-01,2006-09-30,https://data.theglobalfund.org/grant/NER-304-G02-M,2026-08-22
NER-306-G06-M,NER,Niger,Country,Administratively Closed,USD,1288631.14,1288631.14,1288631.14,2006-12-01,2007-11-30,https://data.theglobalfund.org/grant/NER-306-G06-M,2026-08-22
NER-405-G03-M,NER,Niger,Country,Administratively Closed,USD,11189739,11189739,11189739,2005-07-01,2007-06-30,https://data.theglobalfund.org/grant/NER-405-G03-M,2026-08-22
NER-M-CRS,NER,Niger,Country,Active,USD,370141430.21,361200670.5,354455530.71,2016-05-01,2026-12-31,https://data.theglobalfund.org/grant/NER-M-CRS,2026-08-22
NGA-202-G04-M-00,NGA,Nigeria,Country,Administratively Closed,USD,20241784,20241784,20241784,2004-12-01,2007-05-31,https://data.theglobalfund.org/grant/NGA-202-G04-M-00,2026-08-22
NGA-404-G05-M,NGA,Nigeria,Country,Administratively Closed,USD,38481706.64,38481706.64,38481706.64,2005-01-01,2010-06-30,https://data.theglobalfund.org/grant/NGA-404-G05-M,2026-08-22
NGA-407-G10-M,NGA,Nigeria,Country,Administratively Closed,USD,24709309.84,24709309.84,24709309.84,2008-01-01,2010-06-30,https://data.theglobalfund.org/grant/NGA-407-G10-M,2026-08-22
NGA-809-G11-M,NGA,Nigeria,Country,Administratively Closed,USD,198771571.21,198771571.21,198771571.21,2009-08-01,2015-01-31,https://data.theglobalfund.org/grant/NGA-809-G11-M,2026-08-22
NGA-809-G13-M,NGA,Nigeria,Country,Administratively Closed,USD,84964120.64,84964120.64,84964120.64,2009-11-01,2011-12-31,https://data.theglobalfund.org/grant/NGA-809-G13-M,2026-08-22
NGA-809-G14-M,NGA,Nigeria,Country,Administratively Closed,USD,270779194.11,270779194.11,270779194.11,2009-11-01,2015-01-31,https://data.theglobalfund.org/grant/NGA-809-G14-M,2026-08-22
NGA-M-CRS,NGA,Nigeria,Country,Active,USD,890495296.59,886202449.41,847730395.44,2017-01-01,2026-12-31,https://data.theglobalfund.org/grant/NGA-M-CRS,2026-08-22
NGA-M-NMEP,NGA,Nigeria,Country,Active,USD,396880081.03,395550708.1,381980164.72,2015-02-01,2026-12-31,https://data.theglobalfund.org/grant/NGA-M-NMEP,2026-08-22
NGA-M-SFH,NGA,Nigeria,Country,Administratively Closed,USD,38935754.74,38935754.74,38935754.74,2015-02-01,2016-12-31,https://data.theglobalfund.org/grant/NGA-M-SFH,2026-08-22
NGR-506-G04-M,NER,Niger,Country,Administratively Closed,USD,7849546.59,7849546.59,7849546.59,2006-07-01,2011-06-30,https://data.theglobalfund.org/grant/NGR-506-G04-M,2026-08-22
NGR-708-G07-M,NER,Niger,Country,Administratively Closed,USD,76593968.81,76593968.81,76593968.81,2008-07-01,2016-04-30,https://data.theglobalfund.org/grant/NGR-708-G07-M,2026-08-22
NIC-202-G01-M-00,NIC,Nicaragua,Country,Administratively Closed,USD,5576087.38,5576087.38,5576087.38,2004-03-01,2009-02-28,https://data.theglobalfund.org/grant/NIC-202-G01-M-00,2026-08-22
NIC-708-G04-M,NIC,Nicaragua,Country,Administratively Closed,USD,4115931,4115931,4115931,2009-04-01,2012-12-31,https://data.theglobalfund.org/grant/NIC-708-G04-M,2026-08-22
NIC-910-G07-M,NIC,Nicaragua,Country,Administratively Closed,USD,3384154,3384154,3384154,2010-10-01,2012-12-31,https://data.theglobalfund.org/grant/NIC-910-G07-M,2026-08-22
NIC-M-REDNICA,NIC,Nicaragua,Country,Active,USD,36855493.32,34805589.56,33654772.74,2013-01-01,2027-12-31,https://data.theglobalfund.org/grant/NIC-M-REDNICA,2026-08-22
NMB-202-G03-M-00,NAM,Namibia,Country,Administratively Closed,USD,15841191.93,15841191.93,15841191.93,2005-01-01,2017-12-31,https://data.theglobalfund.org/grant/NMB-202-G03-M-00,2026-08-22
NMB-607-G06-M,NAM,Namibia,Country,Administratively Closed,USD,11024436.76,11024436.76,11024436.76,2007-08-01,2012-07-31,https://data.theglobalfund.org/grant/NMB-607-G06-M,2026-08-22
NPL-202-G02-M-00,NPL,Nepal,Country,Administratively Closed,USD,2438412,2438412,2438412,2004-04-01,2009-09-30,https://data.theglobalfund.org/grant/NPL-202-G02-M-00,2026-08-22
NPL-202-G04-M-00,NPL,Nepal,Country,Administratively Closed,USD,10588713.72,10588713.72,10588713.72,2005-12-01,2011-01-15,https://data.theglobalfund.org/grant/NPL-202-G04-M-00,2026-08-22
NPL-708-G06-M,NPL,Nepal,Country,Administratively Closed,USD,6467229,6467229,6467229,2008-09-16,2011-01-15,https://data.theglobalfund.org/grant/NPL-708-G06-M,2026-08-22
NPL-708-G07-M,NPL,Nepal,Country,Administratively Closed,USD,1659548.94,1659548.94,1659548.94,2008-09-16,2011-01-15,https://data.theglobalfund.org/grant/NPL-708-G07-M,2026-08-22
NPL-M-SCF,NPL,Nepal,Country,In Closure,USD,17930348.53,17930348.53,17930348.53,2015-07-16,2025-01-31,https://data.theglobalfund.org/grant/NPL-M-SCF,2026-08-22
PAK-202-G02-M-00,PAK,Pakistan,Country,Administratively Closed,USD,3537802,3537802,3537802,2004-01-01,2006-03-31,https://data.theglobalfund.org/grant/PAK-202-G02-M-00,2026-08-22
PAK-304-G04-M,PAK,Pakistan,Country,Administratively Closed,USD,1382784,1382784,1382784,2005-01-01,2007-03-31,https://data.theglobalfund.org/grant/PAK-304-G04-M,2026-08-22
PAK-708-G08-M,PAK,Pakistan,Country,Administratively Closed,USD,13092711.44,13092711.44,13092711.44,2008-09-01,2011-08-31,https://data.theglobalfund.org/grant/PAK-708-G08-M,2026-08-22
PAK-M-DOMC,PAK,Pakistan,Country,Active,USD,161729160.01,160834413.6,157817561.47,2011-09-01,2026-12-31,https://data.theglobalfund.org/grant/PAK-M-DOMC,2026-08-22
PAK-M-TIH,PAK,Pakistan,Country,Active,USD,49959452.25,48818212.53,46367363.32,2016-02-01,2026-12-31,https://data.theglobalfund.org/grant/PAK-M-TIH,2026-08-22
PHL-202-G01-M-00,PHL,Philippines,Country,Administratively Closed,USD,12975610.27,12975610.27,12975610.27,2003-08-01,2011-10-31,https://data.theglobalfund.org/grant/PHL-202-G01-M-00,2026-08-22
PHL-202-G09-M,PHL,Philippines,Country,Administratively Closed,USD,40834213.13,40834213.13,40834213.13,2010-01-01,2014-12-31,https://data.theglobalfund.org/grant/PHL-202-G09-M,2026-08-22
PHL-506-G05-M,PHL,Philippines,Country,Administratively Closed,USD,12618028.52,12618028.52,12618028.52,2006-06-01,2011-05-31,https://data.theglobalfund.org/grant/PHL-506-G05-M,2026-08-22
PHL-607-G07-M,PHL,Philippines,Country,Administratively Closed,USD,13310106.9,13310106.9,13310106.9,2007-10-01,2012-09-30,https://data.theglobalfund.org/grant/PHL-607-G07-M,2026-08-22
PHL-M-PSFI,PHL,Philippines,Country,Active,USD,39653464.3,38850926.17,38350710.78,2015-01-01,2026-12-31,https://data.theglobalfund.org/grant/PHL-M-PSFI,2026-08-22
PKS-M-SC,PAK,Pakistan,Country,Terminated,USD,8025856.6,8025856.6,8025856.6,2011-09-01,2015-06-30,https://data.theglobalfund.org/grant/PKS-M-SC,2026-08-22
PNG-304-G01-M,PNG,Papua New Guinea,Country,Administratively Closed,USD,16217350.81,16217350.81,16217350.81,2004-08-01,2009-07-31,https://data.theglobalfund.org/grant/PNG-304-G01-M,2026-08-22
PNG-809-G04-M,PNG,Papua New Guinea,Country,Administratively Closed,USD,9948208.74,9948208.74,9948208.74,2009-11-01,2012-01-31,https://data.theglobalfund.org/grant/PNG-809-G04-M,2026-08-22
PNG-809-G05-M,PNG,Papua New Guinea,Country,Administratively Closed,USD,18168375.75,18168375.75,18168375.75,2009-11-01,2015-03-31,https://data.theglobalfund.org/grant/PNG-809-G05-M,2026-08-22
PNG-809-G06-M,PNG,Papua New Guinea,Country,Administratively Closed,USD,47906786.22,47906786.22,47906786.22,2009-11-01,2015-03-31,https://data.theglobalfund.org/grant/PNG-809-G06-M,2026-08-22
PNG-812-G08-M,PNG,Papua New Guinea,Country,Administratively Closed,USD,15304752.14,15304752.14,15304752.14,2012-02-01,2015-03-31,https://data.theglobalfund.org/grant/PNG-812-G08-M,2026-08-22
PNG-M-PSI,PNG,Papua New Guinea,Country,Administratively Closed,USD,13804281.37,13804281.37,13804281.37,2015-04-01,2017-12-31,https://data.theglobalfund.org/grant/PNG-M-PSI,2026-08-22
PNG-M-RAM,PNG,Papua New Guinea,Country,Active,USD,115739213.68,114643842.66,111316655.5,2015-04-01,2026-12-31,https://data.theglobalfund.org/grant/PNG-M-RAM,2026-08-22
PRK-810-G01-M,PRK,Korea (Democratic Peoples Republic),Country,Administratively Closed,USD,25133852.28,25133852.28,25133852.28,2010-03-01,2015-02-28,https://data.theglobalfund.org/grant/PRK-810-G01-M,2026-08-22
PRK-M-UNICEF,PRK,Korea (Democratic Peoples Republic),Country,Administratively Closed,USD,10217962.97,10217962.97,10217962.97,2015-03-01,2018-03-31,https://data.theglobalfund.org/grant/PRK-M-UNICEF,2026-08-22
PRY-M-OIM,PRY,Paraguay,Country,Administratively Closed,USD,2782935.98,2782935.98,2782935.98,2016-01-01,2018-12-31,https://data.theglobalfund.org/grant/PRY-M-OIM,2026-08-22
QMG-M-PSI,MCEMMIE,Multicountry Americas EMMIE,Multicountry,Administratively Closed,USD,9738873.6,9738873.6,9738873.6,2014-01-01,2017-12-31,https://data.theglobalfund.org/grant/QMG-M-PSI,2026-08-22
QMJ-507-G05-M,MCWP,Multicountry Western Pacific,Multicountry,Administratively Closed,USD,26691380.64,26691380.64,26691380.64,2007-07-01,2015-06-30,https://data.theglobalfund.org/grant/QMJ-507-G05-M,2026-08-22
QNB-102-G01-M-00,QNB,Zanzibar,Subnational,Administratively Closed,USD,1153080,1153080,1153080,2003-06-01,2006-11-30,https://data.theglobalfund.org/grant/QNB-102-G01-M-00,2026-08-22
QNB-404-G04-M,QNB,Zanzibar,Subnational,Administratively Closed,USD,8027954.76,8027954.76,8027954.76,2005-01-01,2009-06-30,https://data.theglobalfund.org/grant/QNB-404-G04-M,2026-08-22
QNB-M-MoH,QNB,Zanzibar,Subnational,Active,USD,25365458.04,24892686.17,24689222.4,2015-10-01,2026-12-31,https://data.theglobalfund.org/grant/QNB-M-MoH,2026-08-22
QPA-506-G02-M,MCRMCC,Multicountry Africa (RMCC),Multicountry,Administratively Closed,USD,6501140.84,6501140.84,6501140.84,2006-07-01,2008-12-31,https://data.theglobalfund.org/grant/QPA-506-G02-M,2026-08-22
QPA-M-E8S,MCE8,Multicountry Southern Africa E8,Multicountry,In Closure,USD,42287116.88,42287116.88,42287116.88,2015-10-01,2024-09-30,https://data.theglobalfund.org/grant/QPA-M-E8S,2026-08-22
QPA-M-LSDI,MCMOSASWA,Multicountry Southern Africa MOSASWA,Multicountry,Active,USD,93126472.67,76453630.26,75783468.11,2017-01-01,2028-12-31,https://data.theglobalfund.org/grant/QPA-M-LSDI,2026-08-22
QRA-M-IDB,MCEMMIE,Multicountry Americas EMMIE,Multicountry,In Closure,USD,9038520,9038520,9038520,2018-01-01,2023-12-31,https://data.theglobalfund.org/grant/QRA-M-IDB,2026-08-22
QRD-305-G01-M,MCANDEAN,Multicountry Americas (Andean),Multicountry,Administratively Closed,USD,23776914,23776914,23776914,2005-10-01,2010-09-30,https://data.theglobalfund.org/grant/QRD-305-G01-M,2026-08-22
QSE-M-UNOPS,MCRAI,Multicountry East Asia and Pacific RAI,Multicountry,In Closure,USD,660322617.51,636053708.77,632938843.31,2026-04-13,2029-12-31,https://data.theglobalfund.org/grant/QSE-M-UNOPS,2026-08-22
QUA-202-G02-M-00,MCWP,Multicountry Western Pacific,Multicountry,Administratively Closed,USD,4175007.55,4175007.55,4175007.55,2003-07-01,2007-06-30,https://data.theglobalfund.org/grant/QUA-202-G02-M-00,2026-08-22
QUA-506-G04-M,MCWP,Multicountry Western Pacific,Multicountry,Administratively Closed,USD,2361908,2361908,2361908,2006-07-01,2007-06-30,https://data.theglobalfund.org/grant/QUA-506-G04-M,2026-08-22
QUA-M-UNDP,MCWP,Multicountry Western Pacific,Multicountry,Active,USD,8960354.68,8914917.53,8810514.53,2015-07-01,2026-12-31,https://data.theglobalfund.org/grant/QUA-M-UNDP,2026-08-22
RWA-304-G03-M,RWA,Rwanda,Country,Administratively Closed,USD,42289910,42289910,42289910,2004-10-01,2013-09-30,https://data.theglobalfund.org/grant/RWA-304-G03-M,2026-08-22
RWA-506-G06-M,RWA,Rwanda,Country,Administratively Closed,USD,39115935.59,39115935.59,39115935.59,2006-03-01,2009-08-31,https://data.theglobalfund.org/grant/RWA-506-G06-M,2026-08-22
RWA-809-G10-M,RWA,Rwanda,Country,Administratively Closed,USD,50615262,50615262,50615262,2009-07-01,2011-06-30,https://data.theglobalfund.org/grant/RWA-809-G10-M,2026-08-22
RWA-M-MOH,RWA,Rwanda,Country,Active,USD,232051596,223974964,221467806,2015-01-01,2027-06-30,https://data.theglobalfund.org/grant/RWA-M-MOH,2026-08-22
RWN-M-MoH,RWA,Rwanda,Country,Administratively Closed,USD,77326821,77326821,77326821,2011-07-01,2014-12-31,https://data.theglobalfund.org/grant/RWN-M-MoH,2026-08-22
SDN-202-G03-M-00,SDN,Sudan,Country,Administratively Closed,USD,29777690.48,29777690.48,29777690.48,2005-04-01,2009-09-30,https://data.theglobalfund.org/grant/SDN-202-G03-M-00,2026-08-22
SDN-M-MOH,SDN,Sudan,Country,In Closure,USD,234075506.71,234075506.71,234075506.71,2017-09-18,2023-07-30,https://data.theglobalfund.org/grant/SDN-M-MOH,2026-08-22
SDN-M-UNDP,SDN,Sudan,Country,Active,USD,112256666.69,112256666.69,112256666.69,2015-04-01,2017-12-31,https://data.theglobalfund.org/grant/SDN-M-UNDP,2026-08-22
SDN-M-UNICEF,SDN,Sudan,Country,Active,USD,105524398,105524397.22,103821875.69,2024-02-07,2026-12-31,https://data.theglobalfund.org/grant/SDN-M-UNICEF,2026-08-22
SEN-102-G02-M-00,SEN,Senegal,Country,Administratively Closed,USD,1526770,1526770,1526770,2003-04-01,2005-05-31,https://data.theglobalfund.org/grant/SEN-102-G02-M-00,2026-08-22
SEN-405-G03-M,SEN,Senegal,Country,Administratively Closed,USD,21475451.83,21475451.83,21475451.83,2005-09-01,2014-08-30,https://data.theglobalfund.org/grant/SEN-405-G03-M,2026-08-22
SEN-708-G07-M,SEN,Senegal,Country,Administratively Closed,USD,22020725.19,22020725.19,22020725.19,2008-06-01,2011-12-31,https://data.theglobalfund.org/grant/SEN-708-G07-M,2026-08-22
SEN-M-IntraH,SEN,Senegal,Country,Administratively Closed,USD,14720513.93,14720513.93,14720513.93,2015-01-01,2017-12-31,https://data.theglobalfund.org/grant/SEN-M-IntraH,2026-08-22
SEN-M-PNLP,SEN,Senegal,Country,In Closure,USD,58723489.64,58723489.64,58903260.38,2015-01-01,2020-12-31,https://data.theglobalfund.org/grant/SEN-M-PNLP,2026-08-22
SLB-M-MHMS,SLB,Solomon Islands,Country,In Closure,USD,18563792.9,15534240.98,15454977.12,2015-01-01,2023-12-31,https://data.theglobalfund.org/grant/SLB-M-MHMS,2026-08-22
SLE-405-G03-M,SLE,Sierra Leone,Country,Administratively Closed,USD,6956097,6956097,6956097,2005-06-01,2007-05-31,https://data.theglobalfund.org/grant/SLE-405-G03-M,2026-08-22
SLE-708-G05-M,SLE,Sierra Leone,Country,Administratively Closed,USD,12317290.2,12317290.2,12317290.2,2008-05-01,2011-07-31,https://data.theglobalfund.org/grant/SLE-708-G05-M,2026-08-22
SLE-M-CRS,SLE,Sierra Leone,Country,In Closure,USD,18952461.11,18952461.11,18952461.11,2011-08-01,2021-06-30,https://data.theglobalfund.org/grant/SLE-M-CRS,2026-08-22
SLE-M-MOHS,SLE,Sierra Leone,Country,Administratively Closed,USD,32913824.95,32913824.95,32913824.95,2011-08-01,2016-12-31,https://data.theglobalfund.org/grant/SLE-M-MOHS,2026-08-22
SLV-M-MOH,SLV,El Salvador,Country,Administratively Closed,USD,1855321.47,1855321.47,1855321.47,2017-01-01,2020-06-30,https://data.theglobalfund.org/grant/SLV-M-MOH,2026-08-22
SNG-M-IH,SEN,Senegal,Country,Administratively Closed,USD,9520569.82,9520569.82,9520569.82,2012-01-01,2014-12-31,https://data.theglobalfund.org/grant/SNG-M-IH,2026-08-22
SNG-M-PNLP,SEN,Senegal,Country,Administratively Closed,USD,38322140.84,38322140.84,38322140.84,2012-01-01,2014-12-31,https://data.theglobalfund.org/grant/SNG-M-PNLP,2026-08-22
SOM-012-G07-M,SOM,Somalia,Country,Administratively Closed,USD,33858579.67,33858579.67,33858579.67,2012-04-01,2015-06-30,https://data.theglobalfund.org/grant/SOM-012-G07-M,2026-08-22
SOM-202-G01-M-00,SOM,Somalia,Country,Administratively Closed,USD,12764941.09,12764941.09,12764941.09,2004-07-01,2007-08-31,https://data.theglobalfund.org/grant/SOM-202-G01-M-00,2026-08-22
SOM-607-G04-M,SOM,Somalia,Country,Administratively Closed,USD,22645500.15,22645500.15,22645500.15,2007-11-01,2012-10-31,https://data.theglobalfund.org/grant/SOM-607-G04-M,2026-08-22
SOM-M-UNICEF,SOM,Somalia,Country,Active,USD,160825538.08,158440506.52,156858238.09,2015-07-01,2026-12-31,https://data.theglobalfund.org/grant/SOM-M-UNICEF,2026-08-22
SRL-102-G02-M-00,LKA,Sri Lanka,Country,Administratively Closed,USD,4396338.62,4396338.62,4396338.62,2003-03-01,2009-08-31,https://data.theglobalfund.org/grant/SRL-102-G02-M-00,2026-08-22
SRL-809-G10-M,LKA,Sri Lanka,Country,Administratively Closed,USD,11528684.23,11528684.23,11528684.23,2009-10-01,2015-12-31,https://data.theglobalfund.org/grant/SRL-809-G10-M,2026-08-22
SRL-809-G12-M,LKA,Sri Lanka,Country,Administratively Closed,USD,5373567.38,5373567.38,5373567.38,2009-10-01,2014-09-30,https://data.theglobalfund.org/grant/SRL-809-G12-M,2026-08-22
SSD-202-G01-M-00,SSD,South Sudan,Country,Administratively Closed,USD,24830057.59,24830057.59,24830057.59,2004-10-01,2010-09-30,https://data.theglobalfund.org/grant/SSD-202-G01-M-00,2026-08-22
SSD-708-G09-M,SSD,South Sudan,Country,Administratively Closed,USD,55333134,55333134,55333134,2008-12-01,2011-12-31,https://data.theglobalfund.org/grant/SSD-708-G09-M,2026-08-22
SSD-M-IBRD,SSD,South Sudan,Country,Active,USD,22900000,22900000,22900000,2024-07-01,2026-12-31,https://data.theglobalfund.org/grant/SSD-M-IBRD,2026-08-22
SSD-M-PSI,SSD,South Sudan,Country,In Closure,USD,153755503.4,152849489.84,152849489.84,2012-01-01,2020-12-31,https://data.theglobalfund.org/grant/SSD-M-PSI,2026-08-22
SSD-M-UNICEF,SSD,South Sudan,Country,Active,USD,84807954,84259102.73,74641424.77,2021-03-10,2026-12-31,https://data.theglobalfund.org/grant/SSD-M-UNICEF,2026-08-22
STP-405-G01-M,STP,Sao Tome and Principe,Country,Administratively Closed,USD,3410798.44,3410798.44,3410798.44,2005-03-01,2011-01-31,https://data.theglobalfund.org/grant/STP-405-G01-M,2026-08-22
STP-708-G03-M,STP,Sao Tome and Principe,Country,Administratively Closed,USD,2430247,2430247,2430247,2008-11-01,2011-01-31,https://data.theglobalfund.org/grant/STP-708-G03-M,2026-08-22
STP-M-UNDP,STP,Sao Tome and Principe,Country,Administratively Closed,USD,14895781.31,14895781.31,14895781.31,2011-02-01,2017-12-31,https://data.theglobalfund.org/grant/STP-M-UNDP,2026-08-22
SUR-404-G02-M,SUR,Suriname,Country,Administratively Closed,USD,4662173.86,4662173.86,4662173.86,2005-02-01,2010-10-31,https://data.theglobalfund.org/grant/SUR-404-G02-M,2026-08-22
SUR-708-G04-M,SUR,Suriname,Country,Administratively Closed,USD,3914734.64,3914734.64,3914734.64,2009-04-01,2015-03-31,https://data.theglobalfund.org/grant/SUR-708-G04-M,2026-08-22
SUR-M-MoH,SUR,Suriname,Country,Active,USD,13130251.52,11178036.65,10824632.34,2015-04-01,2027-03-31,https://data.theglobalfund.org/grant/SUR-M-MoH,2026-08-22
SWZ-202-G02-M-00,SWZ,Eswatini,Country,Administratively Closed,USD,1477327.68,1477327.68,1477327.68,2003-09-01,2008-08-31,https://data.theglobalfund.org/grant/SWZ-202-G02-M-00,2026-08-22
SWZ-809-G06-M,SWZ,Eswatini,Country,Administratively Closed,USD,6381772.21,6381772.21,6381772.21,2009-07-01,2014-12-31,https://data.theglobalfund.org/grant/SWZ-809-G06-M,2026-08-22
SWZ-M-NERCHA,SWZ,Eswatini,Country,Active,USD,11678038.84,11586025.07,11472261.52,2015-01-01,2026-12-31,https://data.theglobalfund.org/grant/SWZ-M-NERCHA,2026-08-22
TAJ-809-G08-M,TJK,Tajikistan,Country,Administratively Closed,USD,12863556.15,12863556.15,12863556.15,2009-10-01,2015-09-30,https://data.theglobalfund.org/grant/TAJ-809-G08-M,2026-08-22
TCD-708-G03-M,TCD,Chad,Country,Administratively Closed,USD,9110471.51,9110471.51,9110471.51,2009-03-01,2011-06-30,https://data.theglobalfund.org/grant/TCD-708-G03-M,2026-08-22
TCD-910-G08-M,TCD,Chad,Country,Administratively Closed,USD,17430922.84,17430922.84,17430922.84,2010-12-01,2012-11-30,https://data.theglobalfund.org/grant/TCD-910-G08-M,2026-08-22
TCD-M-MOH,TCD,Chad,Country,In Closure,USD,47325659.3,41558003.4,41518990.58,2021-06-02,2024-12-31,https://data.theglobalfund.org/grant/TCD-M-MOH,2026-08-22
TCD-M-UNDP,TCD,Chad,Country,Active,USD,251542049.16,249425127.94,246663920.79,2011-07-01,2026-12-31,https://data.theglobalfund.org/grant/TCD-M-UNDP,2026-08-22
TCD-T13-G09-M,TCD,Chad,Country,Administratively Closed,USD,29429383,29429383,29429383,2013-07-01,2015-06-30,https://data.theglobalfund.org/grant/TCD-T13-G09-M,2026-08-22
TGO-304-G02-M,TGO,Togo,Country,Administratively Closed,USD,5716356.01,5716356.01,5716356.01,2004-05-01,2009-04-30,https://data.theglobalfund.org/grant/TGO-304-G02-M,2026-08-22
TGO-405-G05-M,TGO,Togo,Country,Administratively Closed,USD,10393978.04,10393978.04,10393978.04,2005-10-01,2010-09-30,https://data.theglobalfund.org/grant/TGO-405-G05-M,2026-08-22
TGO-607-G06-M,TGO,Togo,Country,Administratively Closed,USD,6613336.58,6613336.58,6613336.58,2008-01-01,2010-12-31,https://data.theglobalfund.org/grant/TGO-607-G06-M,2026-08-22
TGO-910-G10-M,TGO,Togo,Country,Administratively Closed,USD,42129885.74,42129885.74,42129885.74,2011-01-01,2015-12-31,https://data.theglobalfund.org/grant/TGO-910-G10-M,2026-08-22
TGO-910-G11-M,TGO,Togo,Country,Administratively Closed,USD,15427691.12,15427691.12,15427691.12,2011-01-01,2015-12-31,https://data.theglobalfund.org/grant/TGO-910-G11-M,2026-08-22
TGO-M-PMT,TGO,Togo,Country,Active,USD,172905723.62,167038059.5,162428625.48,2016-01-01,2026-12-31,https://data.theglobalfund.org/grant/TGO-M-PMT,2026-08-22
THA-202-G05-M-00,THA,Thailand,Country,Administratively Closed,USD,5264161.77,5264161.77,5264161.77,2004-03-01,2009-02-28,https://data.theglobalfund.org/grant/THA-202-G05-M-00,2026-08-22
THA-708-G09-M,THA,Thailand,Country,Administratively Closed,USD,15526804.82,15526804.82,15526804.82,2008-07-01,2013-06-30,https://data.theglobalfund.org/grant/THA-708-G09-M,2026-08-22
THA-M-DDC,THA,Thailand,Country,Administratively Closed,USD,62192520.99,62192520.99,62192520.99,2011-10-01,2017-12-31,https://data.theglobalfund.org/grant/THA-M-DDC,2026-08-22
TJK-506-G04-M,TJK,Tajikistan,Country,Administratively Closed,USD,5358413.14,5358413.14,5358413.14,2006-04-01,2010-03-31,https://data.theglobalfund.org/grant/TJK-506-G04-M,2026-08-22
TLS-202-G01-M-00,TLS,Timor-Leste,Country,Administratively Closed,USD,2722601.23,2722601.23,2722601.23,2003-09-01,2006-12-31,https://data.theglobalfund.org/grant/TLS-202-G01-M-00,2026-08-22
TLS-709-G05-M,TLS,Timor-Leste,Country,Administratively Closed,USD,6471469.16,6471469.16,6471469.16,2009-04-01,2011-12-31,https://data.theglobalfund.org/grant/TLS-709-G05-M,2026-08-22
TLS-M-MOH,TLS,Timor-Leste,Country,Active,USD,32784212.12,32730584.49,32450512.2,2012-01-01,2026-12-31,https://data.theglobalfund.org/grant/TLS-M-MOH,2026-08-22
TNZ-102-G01-M-00,TZA,Tanzania (United Republic),Country,Administratively Closed,USD,77030497.19,77030497.19,77030497.19,2003-11-01,2014-04-30,https://data.theglobalfund.org/grant/TNZ-102-G01-M-00,2026-08-22
TNZ-809-G11-M,TZA,Tanzania (United Republic),Country,Administratively Closed,USD,94371872.88,94371872.88,94371872.88,2009-11-01,2011-10-31,https://data.theglobalfund.org/grant/TNZ-809-G11-M,2026-08-22
TZA-405-G08-M,TZA,Tanzania (United Republic),Country,Administratively Closed,USD,74878691,74878691,74878691,2005-08-01,2009-01-31,https://data.theglobalfund.org/grant/TZA-405-G08-M,2026-08-22
TZA-708-G10-M,TZA,Tanzania (United Republic),Country,Administratively Closed,USD,16316468.23,16316468.23,16316468.23,2008-07-01,2011-03-31,https://data.theglobalfund.org/grant/TZA-708-G10-M,2026-08-22
TZA-M-MOF,TZA,Tanzania (United Republic),Country,Active,USD,961616743.32,950710609.81,924009400.33,2011-04-01,2026-12-31,https://data.theglobalfund.org/grant/TZA-M-MOF,2026-08-22
UGA-202-G02-M-00,UGA,Uganda,Country,Administratively Closed,USD,21054781.35,21054781.35,21054781.35,2004-03-15,2006-09-30,https://data.theglobalfund.org/grant/UGA-202-G02-M-00,2026-08-22
UGA-M-MoFPED,UGA,Uganda,Country,Active,USD,715784625.1,710300025.08,691889782.64,2015-01-01,2026-12-31,https://data.theglobalfund.org/grant/UGA-M-MoFPED,2026-08-22
UGA-M-TASO,UGA,Uganda,Country,Active,USD,114251606.64,114029996.92,112960438.41,2015-01-01,2026-12-31,https://data.theglobalfund.org/grant/UGA-M-TASO,2026-08-22
UGD-011-G11-M,UGA,Uganda,Country,Administratively Closed,USD,28210737.26,28210737.26,28210737.26,2012-06-01,2014-12-31,https://data.theglobalfund.org/grant/UGD-011-G11-M,2026-08-22
UGD-011-G12-M,UGA,Uganda,Country,Administratively Closed,USD,19744005.38,19744005.38,19744005.38,2012-09-01,2014-12-31,https://data.theglobalfund.org/grant/UGD-011-G12-M,2026-08-22
UGD-405-G05-M,UGA,Uganda,Country,Administratively Closed,USD,95826536.48,95826536.48,95826536.48,2005-12-01,2013-12-31,https://data.theglobalfund.org/grant/UGD-405-G05-M,2026-08-22
UGD-708-G08-M,UGA,Uganda,Country,Administratively Closed,USD,113512210.94,113512210.94,113512210.94,2009-12-01,2014-11-30,https://data.theglobalfund.org/grant/UGD-708-G08-M,2026-08-22
UZB-405-G02-M,UZB,Uzbekistan,Country,Administratively Closed,USD,2302475.9,2302475.9,2302475.9,2005-04-01,2010-03-31,https://data.theglobalfund.org/grant/UZB-405-G02-M,2026-08-22
UZB-809-G04-M,UZB,Uzbekistan,Country,Administratively Closed,USD,2460563.92,2460563.92,2460563.92,2010-01-01,2015-12-31,https://data.theglobalfund.org/grant/UZB-809-G04-M,2026-08-22
UZB-M-RCSSES,UZB,Uzbekistan,Country,In Closure,USD,400000,400000,400000,2016-07-01,2018-12-31,https://data.theglobalfund.org/grant/UZB-M-RCSSES,2026-08-22
VEN-M-UNDP,VEN,Venezuela (Bolivarian Republic),Country,Active,USD,51671171,48778429.36,48777587.36,2020-09-03,2026-12-31,https://data.theglobalfund.org/grant/VEN-M-UNDP,2026-08-22
VNM-304-G03-M,VNM,Viet Nam,Country,Administratively Closed,USD,21177955.5,21177955.5,21177955.5,2005-01-01,2008-12-31,https://data.theglobalfund.org/grant/VNM-304-G03-M,2026-08-22
VNM-M-NIMPE,VNM,Viet Nam,Country,Administratively Closed,USD,12158504.4,12158504.4,12158504.4,2016-01-01,2017-12-31,https://data.theglobalfund.org/grant/VNM-M-NIMPE,2026-08-22
VTN-708-G06-M,VNM,Viet Nam,Country,Administratively Closed,USD,29278407.52,29278407.52,29278407.52,2009-01-01,2015-12-31,https://data.theglobalfund.org/grant/VTN-708-G06-M,2026-08-22
YEM-202-G01-M-00,YEM,Yemen,Country,Administratively Closed,USD,11827964.24,11827964.24,11827964.24,2004-03-01,2009-04-30,https://data.theglobalfund.org/grant/YEM-202-G01-M-00,2026-08-22
YEM-708-G06-M,YEM,Yemen,Country,Administratively Closed,USD,25402550.61,25402550.61,25402550.61,2008-12-01,2015-06-30,https://data.theglobalfund.org/grant/YEM-708-G06-M,2026-08-22
YEM-M-NMCP,YEM,Yemen,Country,Administratively Closed,USD,9828274.37,9828274.37,9828274.37,2015-07-01,2016-12-31,https://data.theglobalfund.org/grant/YEM-M-NMCP,2026-08-22
ZAM-711-G27-M,ZMB,Zambia,Country,Administratively Closed,USD,37027167.38,37027167.38,37027167.38,2011-12-01,2015-12-31,https://data.theglobalfund.org/grant/ZAM-711-G27-M,2026-08-22
ZAN-809-G07-M,QNB,Zanzibar,Subnational,Administratively Closed,USD,6457582.7,6457582.7,6457582.7,2010-03-01,2015-08-31,https://data.theglobalfund.org/grant/ZAN-809-G07-M,2026-08-22
ZAR-304-G03-M,COD,Congo (Democratic Republic),Country,Administratively Closed,USD,52374763.18,52374763.18,52374763.18,2005-01-01,2009-06-30,https://data.theglobalfund.org/grant/ZAR-304-G03-M,2026-08-22
ZAR-810-G09-M,COD,Congo (Democratic Republic),Country,Administratively Closed,USD,17574185.45,17574185.45,17574185.45,2010-03-01,2012-06-30,https://data.theglobalfund.org/grant/ZAR-810-G09-M,2026-08-22
ZAR-M-MOH,COD,Congo (Democratic Republic),Country,In Closure,USD,11418467,11418467,11418467,2012-07-01,2014-12-31,https://data.theglobalfund.org/grant/ZAR-M-MOH,2026-08-22
ZIM-011-G15-M,ZWE,Zimbabwe,Country,Administratively Closed,USD,110238.11,110238.11,110238.11,2012-01-01,2012-03-31,https://data.theglobalfund.org/grant/ZIM-011-G15-M,2026-08-22
ZIM-809-G13-M,ZWE,Zimbabwe,Country,Administratively Closed,USD,31887997.47,31887997.47,31887997.47,2010-01-01,2012-03-31,https://data.theglobalfund.org/grant/ZIM-809-G13-M,2026-08-22
ZIM-M-UNDP,ZWE,Zimbabwe,Country,Administratively Closed,USD,41829501.26,41829501.26,41829501.26,2012-04-01,2014-12-31,https://data.theglobalfund.org/grant/ZIM-M-UNDP,2026-08-22
ZMB-102-G02-M-00,ZMB,Zambia,Country,Administratively Closed,USD,34049164.8,34049164.8,34049164.8,2003-08-15,2009-02-14,https://data.theglobalfund.org/grant/ZMB-102-G02-M-00,2026-08-22
ZMB-102-G05-M-00,ZMB,Zambia,Country,Administratively Closed,USD,3350649.33,3350649.33,3350649.33,2003-08-01,2008-08-31,https://data.theglobalfund.org/grant/ZMB-102-G05-M-00,2026-08-22
ZMB-405-G13-M,ZMB,Zambia,Country,Administratively Closed,USD,20321299.12,20321299.12,20321299.12,2005-11-01,2011-04-30,https://data.theglobalfund.org/grant/ZMB-405-G13-M,2026-08-22
ZMB-405-G14-M,ZMB,Zambia,Country,Administratively Closed,USD,11687211.57,11687211.57,11687211.57,2005-07-01,2010-12-31,https://data.theglobalfund.org/grant/ZMB-405-G14-M,2026-08-22
ZMB-411-G25-M,ZMB,Zambia,Country,Administratively Closed,USD,4950855.18,4950855.18,4950855.18,2011-04-01,2011-04-30,https://data.theglobalfund.org/grant/ZMB-411-G25-M,2026-08-22
ZMB-708-G19-M,ZMB,Zambia,Country,Administratively Closed,USD,9580634.73,9580634.73,9580634.73,2008-07-01,2014-12-31,https://data.theglobalfund.org/grant/ZMB-708-G19-M,2026-08-22
ZMB-M-CHAZ,ZMB,Zambia,Country,Active,USD,72456726.15,71385636.12,68882641.98,2015-01-01,2026-12-31,https://data.theglobalfund.org/grant/ZMB-M-CHAZ,2026-08-22
ZMB-M-MOH,ZMB,Zambia,Country,Active,USD,245753907.1,242655753.51,230855507.5,2015-01-01,2026-12-31,https://data.theglobalfund.org/grant/ZMB-M-MOH,2026-08-22
ZWE-102-G02-M-00,ZWE,Zimbabwe,Country,Administratively Closed,USD,6926196.58,6926196.58,6926196.58,2003-06-01,2008-01-31,https://data.theglobalfund.org/grant/ZWE-102-G02-M-00,2026-08-22
ZWE-506-G06-M,ZWE,Zimbabwe,Country,Administratively Closed,USD,7928652.64,7928652.64,7928652.64,2007-10-01,2009-12-31,https://data.theglobalfund.org/grant/ZWE-506-G06-M,2026-08-22
ZWE-509-G09-M,ZWE,Zimbabwe,Country,Administratively Closed,USD,15386674.43,15386674.43,15386674.43,2009-08-01,2010-09-30,https://data.theglobalfund.org/grant/ZWE-509-G09-M,2026-08-22
ZWE-M-MOHCC,ZWE,Zimbabwe,Country,Active,USD,322886696.36,309585647.67,301351022.29,2015-01-01,2026-12-31,https://data.theglobalfund.org/grant/ZWE-M-MOHCC,2026-08-22
