productId,iso3,nafdacNo,productName,ingredients,composition,form,strength,packSize,route,applicant,atc,approvalDate,expiryDate,status,sourceUrl,retrievedDate
dhappq,NGA,04-9495,P-Alaxin (Dihydroartemisinin 40 mg & Piperaquine 320 mg) Tablets_,Dihydroartemisinin; Piperaquine Phosphate,"Each tablet contains: Dihydroartemisinin 40 mg, and Piperaquine Phosphate 320 mg
Excipients q.s.",Tablet,40 mg; 320 mg,"1 x 6's, 1 x 12's, 1 x 15's (in Alu-PVC blisters)",Oral,Greenlife Pharmaceutical Limited,P01BF07,2025-05-27,2030-05-26,Active,https://greenbook.nafdac.gov.ng/,2026-08-23
dhappq,NGA,A11-100067,Piramal Dry Powder for Oral Suspension,Dihydroartemisinin; Piperaquine Phosphate,"Each 80 mL reconstituted suspension contains: Dihydroartemisinin 80 mg, Piperaquine Phosphate 640 mg",Powder for suspension,80 mg/80 mL; 640 mg/80 mL,1 x 80 mL,Oral,Emzor Pharmaceutical Industries Limited,P01BF07,2021-03-29,2026-03-28,Inactive,https://greenbook.nafdac.gov.ng/,2026-08-23
dhappq,NGA,A11-100073,Malact Tablet,Dihydroartemisinin; Piperaquine Phosphate,"Each tablet contains: Dihydroartemisinin 40 mg, Piperaquine Phosphate 320 mg, Excipients q.s.",Tablet,40 mg; 320 mg,1 x 9's (in PVC-Alu blister),Oral,May &amp; Baker Nigeria PLC,P01BF07,2021-03-30,2026-03-29,Inactive,https://greenbook.nafdac.gov.ng/,2026-08-23
dhappq,NGA,A11-100074,Zomal TS,Dihydroartemisinin; Piperaquine Phosphate,"Each tablet contains: Dihydroartemisinin 120 mg, Piperaquine Phosphate 920 mg
Excipients q.s.",Tablet,120 mg; 960 mg,1 x 6's (in Alu-Alu blister),Oral,Zolon Healthcare Limited,P01BF07,2021-03-30,2026-03-29,Inactive,https://greenbook.nafdac.gov.ng/,2026-08-23
dhappq,NGA,A11-100075,Zomal Tablet (smpc null),Dihydroartemisinin; Piperaquine Phosphate,"Each tablet contains: Dihydroartemisinin 40 mg, Piperaquine Phosphate 320 mg
Excipients q.s.",Tablet,40 mg; 320 mg,,Oral,Zolon Healthcare Limited,P01BF07,2021-03-30,2026-03-29,Inactive,https://greenbook.nafdac.gov.ng/,2026-08-23
dhappq,NGA,A11-100118,Piramal TS,Dihydroartemisinin; Piperaquine Phosphate,"Each tablet contains: Dihydroartemisinin 120 mg, Piperaquine Phosphate 960 mg
Excipients q.s.",Tablet,120 mg; 960 mg,1 x 12's (in PVC-Alu blisters),Oral,Emzor Pharmaceutical Industries Limited,P01BF07,2021-05-07,2026-05-06,Inactive,https://greenbook.nafdac.gov.ng/,2026-08-23
dhappq,NGA,A11-100745,Malact TS Tablets,Dihydroartemisinin; Piperaquine Phosphate,"Each tablet contains: Dihydroartemisinin 120 mg, Piperaquine Phosphate 960 mg",Caplet,120 mg; 960 mg,1 x 3's (in PVC-Alu blisters),Oral,May &amp; Baker Nigeria PLC,P01BF07,2024-07-31,2029-07-30,Active,https://greenbook.nafdac.gov.ng/,2026-08-23
dhappq,NGA,A11-100758,Artexaten 40 mg/320 mg Tablet,Dihydroartemisinin; Piperaquine Phosphate,"Dihydroartemisinin &amp; Piperaquine Phosphate Tablets.
Each tablet contains: Dihydroartemisinin 40 mg, Piperaquine Phosphate 320 mg, Excipients  q.s.",Tablet,40 mg; 320 mg,10 x 9's (in PVC/PVDC/aluminium blisters),Oral,Unicure Pharmaceuticals Limited,,2024-08-28,2029-08-27,Active,https://greenbook.nafdac.gov.ng/,2026-08-23
dhappq,NGA,A11-1312,Piramal Ts-Combi (check pack size),Dihydroartemisinin; Piperaquine Phosphate,"Each tablet contains: Dihydroartemisinin 120 mg, Piperaquine Phosphate 960 mg
Excipients q.s.",Tablet,120 mg; 960 mg,1 x 80 mL,Oral,Emzor Pharmaceutical Industries Limited,P01BF07,2022-09-29,2027-09-28,Active,https://greenbook.nafdac.gov.ng/,2026-08-23
dhappq,NGA,A4-0560,Fanmet Capsules,Dihydroartemisinin; Piperaquine Phosphate,"Each capsule contains: Dihydroartemisinin 40 g, Piperaquine Phosphate 320 mg
Excipients q.s.
Capsule shell contains approved color",Capsule,40 mg; 320 mg,1 x 9's (in PVC-Alu blister),Oral,Maydon Pharmaceuticals Limited,P01BF05,2023-12-21,2028-12-20,Active,https://greenbook.nafdac.gov.ng/,2026-08-23
dhappq,NGA,A4-100059,Excelxin 40/320 Tablet,Dihydroartemisinin; Piperaquine Phosphate,"Each tablet contains: Dihydroartemisinin 40 mg, Piperaquine Phosphate 320 mg",Tablet,40 mg; 320 mg,,Oral,Excel Charis Pharmaceutical Chemical Limited,P01BF07,2021-05-28,2026-05-27,Inactive,https://greenbook.nafdac.gov.ng/,2026-08-23
dhappq,NGA,A4-100069,Excelxin 80/640 Suspension,Dihydroartemisinin; Piperaquine Phosphate,"Each 80 mL of reconstituted suspension contains: Dihydroartemisinin 80 mg, Piperaquine Phosphate 640 mg
Excipients q.s.",Suspension,80 mg/80 mL; 640 mg/80 mL,1 x 80 mL,Oral,Excel Charis Pharmaceutical Chemical Limited,P01BF07,2021-06-24,2026-06-23,Inactive,https://greenbook.nafdac.gov.ng/,2026-08-23
dhappq,NGA,A4-100168,Paludose P Tablet,Dihydroartemisinin; Piperaquine Phosphate,"Each tablet contains: Dihydroartemisinin 40 mg, Piperaquine Phosphate 320 mg",Tablet,40 mg; 320 mg,,Oral,Shalina Healthcare Nigeria Limited,P01BF07,2021-12-17,2026-12-16,Active,https://greenbook.nafdac.gov.ng/,2026-08-23
dhappq,NGA,A4-100810,P-Alaxin DS Tablet,Dihydroartemisinin; Piperaquine Phosphate,"Each film coated tablet contains: Dihydroartemisinin 80 mg, Piperaquine Phosphate 640 mg
Excipients q.s.",Tablet,80 mg; 640 mg,10 x 1 x 6's (in Alu-Alu blister),Oral,Greenlife Pharmaceutical Limited,P01BF05,2024-04-30,2029-05-01,Active,https://greenbook.nafdac.gov.ng/,2026-08-23
dhappq,NGA,A4-100926,P-Alaxin 20/160 Dispersible Tablet_,Dihydroartemisinin; Piperaquine Phosphate,"Each dispersible tablet contains: Dihydroartemisinin Ph. Int 20 mg and Piperaquine Phosphate IH 160 mg
Excipients q.s.",Dispersible tablet,20 mg; 160 mg,"1 x 3's, 2 x 3's (in Alu Alu Blisters)",Oral,Greenlife Pharmaceutical Limited,P01BF07,2024-07-31,2029-07-30,Active,https://greenbook.nafdac.gov.ng/,2026-08-23
dhappq,NGA,A4-100927,P-Alaxin 40/320 Dispersible Tablet_,Dihydroartemisinin; Piperaquine Phosphate,"Each dispersible tablet contains: Dihydroartemisinin Ph. Int 40 mg and Piperaquine Phosphate IH 320 mg
Excipients q.s.",Tablet,40 mg; 320 mg,1 x 3's; 2 x 3's (in Alu Alu blisters),Oral,Greenlife Pharmaceutical Limited,P01BF07,2024-07-31,2029-07-30,Active,https://greenbook.nafdac.gov.ng/,2026-08-23
dhappq,NGA,A4-100936,Dipakso Tablets,Dihydroartemisinin; Piperaquine Phosphate,"Dihydroartemisinin and Piperaquine Phosphate Tablets.
Each film coated tablet contains: Dihydroartemisinin 40 mg and Piperaquine Phosphate 320 mg",Tablet,40 mg; 320 mg,1 x 9's (in Alu-PVC blister),Oral,Akso Pharmaceutical Nigeria Limited,P01BF07,2024-07-31,2029-07-30,Active,https://greenbook.nafdac.gov.ng/,2026-08-23
dhappq,NGA,A4-4503,Pipart Tablet,Dihydroartemisinin; Piperaquine Phosphate,"Each film coated tablet contains: Dihydoartemisinin 40 mg, Piperaquine Phosphate 320 mg
Excipients q.s.
Color: Approved color used",Tablet,40 mg; 320 mg,1 x 9's (in PVC-Alu blister),Oral,Digitall Healthcare Ltd,P01BF07,2023-10-31,2028-10-30,Active,https://greenbook.nafdac.gov.ng/,2026-08-23
dhappq,NGA,A4-4917,Codisin Plus Tablet,Dihydroartemisinin; Piperaquine Phosphate,"Each tablet contains: Dihydroartemisinin 40 mg, Piperaquine Phosphate 320 mg
Excipients q.s.",Tablet,40 mg; 320 mg,3 x 3's (in PVC-Alu blisters),Oral,Geneith Pharmaceuticals Limited,P01BF07,2021-06-24,2026-06-23,Inactive,https://greenbook.nafdac.gov.ng/,2026-08-23
dhappq,NGA,A4-5745,D-Artepp Tablets 40 mg/320 mg_,Dihydroartemisinin; Piperaquine Phosphate,"Each tablet contains: Dihyroartemisinin 40 mg, and Piperaquine 320 mg
Excipients q.s.",Tablet,40 mg; 320 mg,"1 x 9's, 1 x 6's, 2 x 6's, 25 x 9's (in PVC-Alu blisters)",Oral,Tridem Pharma Nigeria Limited,P01BF05,2025-11-26,2030-11-25,Active,https://greenbook.nafdac.gov.ng/,2026-08-23
dhappq,NGA,A4-9126,Fanexin Tablet,Dihydroartemisinin; Piperaquine Phosphate,"Each tablet contains: Dihydroartemisinin 40 mg, Piperaquine Phosphate 320 mg",Tablet,40 mg; 320 mg,,Oral,Hanbet Pharmaceuticals Limited,P01BF07,2020-12-21,2025-12-20,Inactive,https://greenbook.nafdac.gov.ng/,2026-08-23
dhappq,NGA,B4-0860,Kinotem Tablets,Dihydroartemisinin; Piperaquine Phosphate,"Each tablet contains: Dihydroartemisinin 40 mg, Piperaquine Phosphate 320 mg",Tablet,40 mg; 320 mg,,Oral,Kingzy Pharmaceuticals Limited,P01BF07,2021-12-02,2026-12-01,Active,https://greenbook.nafdac.gov.ng/,2026-08-23
dhappq,NGA,B4-2194,Fanmet Tablets,Dihydroartemisinin; Piperaquine Phosphate,"Each tablet contains: Dihydroartemisinin 40 mg, Piperaquine Phosphate 320 mg",Tablet,40 mg; 320 mg,1 x 8's,Oral,Maydon Pharmaceuticals Limited,,2021-02-25,2026-02-24,Inactive,https://greenbook.nafdac.gov.ng/,2026-08-23
dhappq,NGA,B4-2199,Pymal Tablets 40/320 mg,Dihydroartemisinin; Piperaquine Phosphate,"Each tablet contains: Dihydroartemisinin 40 mg, Piperaquine Phosphate 320 mg
Excipients q.s.
Approved Color Used",Tablet,40 mg; 320 mg,1 x 9's (in Alu-PVC blister),Oral,Pinnacle Health Pharmaceutical &amp; Stores Ltd,P01BF07,2020-11-30,2025-11-29,Inactive,https://greenbook.nafdac.gov.ng/,2026-08-23
dhappq,NGA,B4-3672,Upxin,Dihydroartemisinin; Piperaquine Phosphate,"Each capsule contains: Dihydroartemisinin 40 mg, Piperaquine Phosphate 320 mg",Capsule,40 mg; 320 mg,3 x 3's,Oral,Award Global Company Limited,P01BF07,2021-10-28,2026-10-27,Active,https://greenbook.nafdac.gov.ng/,2026-08-23
dhappq,NGA,B4-3672,Upxin Soft Gelatin Capsule,Dihydroartemisinin; Piperaquine Phosphate,"Each soft gelatin capsule contains: Dihydroartemisinin 40 mg, Piperaquine Phosphate 320 mg
Excipients q.s.",Capsule,40 mg; 320 mg,4 x 3's (in Alu-PVC blisters),Oral,Award Global Company Limited,P01BF07,2025-04-30,2030-04-29,Active,https://greenbook.nafdac.gov.ng/,2026-08-23
dhappq,NGA,B4-3882,Kinotem Powder For Oral Suspension,Dihydroartemisinin; Piperaquine Phosphate,"Each mL contains: Dihydroartemisinin 80 mg, Piperaquine Phosphate 640 mg",Suspension,80 mg/80 mL; 640 mg/80 mL,,Oral,Kingzy Pharmaceuticals Limited,P01BF07,2021-12-02,2026-12-01,Active,https://greenbook.nafdac.gov.ng/,2026-08-23
dhappq,NGA,B4-4786,Ibasunate Capsules,Dihydroartemisinin; Piperaquine Phosphate,"Each capsule contains: Dihydroartemisinin 40 mg, Piperaquine Phosphate 320 mg
Excipients q.s.",Capsule,40 mg; 320 mg,3 x 3's (in PVC-Alu blisters),Oral,Elbe Pharma Nigeria Limited,P01BF07,2021-06-24,2026-06-23,Inactive,https://greenbook.nafdac.gov.ng/,2026-08-23
dhappq,NGA,B4-5146,Fanexin Suspension Powder,Dihydroartemisinin; Piperaquine Phosphate,"Each 80 mL of reconstituted suspension contains: Dihydroartemisinin 80 mg, Piperaquine Phosphate 640 mg",Oral powder,80 mg/80 mL; 640 mg/80 mL,1 x 80 mL,Oral,Hanbet Pharmaceuticals Limited,P01BF07,2021-10-28,2026-10-27,Active,https://greenbook.nafdac.gov.ng/,2026-08-23
dhappq,NGA,B4-5963,Lotexin Tablets,Dihydroartemisinin; Piperaquine Phosphate,"Each tablet contains: Dihydroartemisinin 40 mg, Piperaquine Phosphate 320 mg
Excipients q.s.",Tablet,40 mg; 320 mg,1 x 12's (in PVC-Alu blister),Oral,Geneith Pharmaceuticals Limited,P01BF07,2021-03-01,2026-02-28,Inactive,https://greenbook.nafdac.gov.ng/,2026-08-23
dhappq,NGA,B4-6979,D-Artepp Dispersible Tablets 20 mg/160 mg,Dihydroartemisinin; Piperaquine Phosphate,Each dispersible tablet contains: Dihydroartemisinin 20 mg and Piperaquine (as phosphate) 160 mg,Tablet,20 mg; 160 mg,1 x 6's,Oral,Tridem Pharma Nigeria Limited,P01BF07,2023-04-26,2028-04-25,Active,https://greenbook.nafdac.gov.ng/,2026-08-23
dhappq,NGA,B4-6980,D-Artepp Dispersible Tablets 40 mg/320 mg,Dihydroartemisinin; Piperaquine Phosphate,Each dispersible tablet contains: Dihydroartemisinin 40 mg and Piperaquine (as phosphate) 320 mg,Tablet,40 mg; 320 mg,1 x 6's,Oral,Tridem Pharma Nigeria Limited,P01BF07,2023-04-26,2028-04-25,Active,https://greenbook.nafdac.gov.ng/,2026-08-23
dhappq,NGA,B4-7020,Pipart Powder for Oral Suspension 80 mg/640 mg (incomplete smpc),Dihydroartemisinin; Piperaquine Phosphate,"Each 80 mL contains: Dihydroartemisinin 80 mg, Piperaquine Phosphate 640 mg
Excipients q.s.",Powder for suspension,80 mg/80 mL; 640 mg/80 mL,1 x 80 mL,Oral,Digitall Healthcare Ltd,P01BF05,2023-11-30,2028-11-29,Active,https://greenbook.nafdac.gov.ng/,2026-08-23
dhappq,NGA,B4-7965,Nomepramal Tablet,Dihydroartemisinin; Piperaquine Phosphate,"Each tablet contains: Dihydroartemisinin 40 mg, Piperaquine Phosphate 320 mg
Excipients: q.s.
Color: Indigo Carmine
",Tablet,40 mg; 320 mg,1 x 9's (in Alu-Alu blister),Oral,Nomedi Pharmaceuticals Limited,P01BF07,2023-05-25,2028-05-24,Active,https://greenbook.nafdac.gov.ng/,2026-08-23
dhappq,NGA,B4-8004,Malact Tablets,Dihydroartemisinin; Piperaquine Phosphate,"Each tablet contains: Dihydroartemisinin 40 mg, Piperaquine Phosphate 320 mg",Tablet,40 mg; 320 mg,1 x 9's,Oral,May &amp; Baker Nigeria PLC,,2021-03-29,2026-03-28,Inactive,https://greenbook.nafdac.gov.ng/,2026-08-23
dhappq,NGA,B4-8578,Coaxin Tablets (duplicate),Dihydroartemisinin; Piperaquine Phosphate,"Each tablet contains: Dihydroartemisinin 40 mg, Piperaquine Phosphate 320 mg",Tablet,40 mg; 320 mg,,Oral,Bezik Pharma Limited,P01BF07,2020-11-10,2025-11-09,Inactive,https://greenbook.nafdac.gov.ng/,2026-08-23
dhappq,NGA,B4-8578,Coaxin Tablets,Dihydroartemisinin; Piperaquine Phosphate,"Each film coated tablet contains: Dihydroartemisinin 40 mg, Piperaquine Phosphate 320 mg
Excipients q.s.
Color: Lake of Indigo Carmine",Tablet,40 mg; 320 mg,1 x 9's (in Alu-PVC blister),Oral,Bezik Pharma Limited,P01BF05,2025-01-30,2030-01-29,Active,https://greenbook.nafdac.gov.ng/,2026-08-23
dhappq,NGA,B4-8892,P-Alaxin TS,Dihydroartemisinin; Piperaquine Phosphate,"Each film coated tablet contains: Dihydroartemisinin 120 mg + Piperaquine Phosphate 960 mg
Excipients: Pre-gelatinized Starch, Maltodextrin, Croscarmellose Sodium, Magnesium Stearate and Tab coat Blue TC ",Tablet,120 mg; 960 mg,1 x 3's (in Alu-PVC blister),Oral,Greenlife Pharmaceutical Limited,P01BF07,2025-10-29,2030-10-28,Inactive,https://greenbook.nafdac.gov.ng/,2026-08-23
dhappq,NGA,B4-9358,Falcirid Powder for Oral Suspension,Dihydroartemisinin; Piperaquine Phosphate,"Each 80 mL after reconstitution contains: Dihydroartemisinin 80 mg, Piperaquine Phosphate 640 mg
Excipients q.s.",Powder for suspension,80 mg; 640 mg,1 x 80 mL (in HDPE bottle),Oral,SJS Life Sciences Limited,P01BF07,2024-01-31,2029-01-30,Active,https://greenbook.nafdac.gov.ng/,2026-08-23
dhappq,NGA,B4-9547,Falcirid Tablet,Dihydroartemisinin; Piperaquine Phosphate,"Each film coated tablet contains: Dihydroartemisinin 40 mg, Piperaquine Phosphate 320 mg
Excipients q.s.
",Tablet,40 mg; 320 mg,1 x 9's,Oral,SJS Life Sciences Limited,P01BF07,2023-12-21,2028-12-20,Active,https://greenbook.nafdac.gov.ng/,2026-08-23
dhappq,NGA,C4-0045,Troopzin Tablets,Dihydroartemisinin; Piperaquine Phosphate,"Each tablet contains: Dihydroartemisinin 40 mg, Piperaquine Phosphate 320 mg",Tablet,40 mg; 320 mg,,Oral,Troop Pharmaceuticals Ltd,P01BF07,2020-12-21,2025-12-20,Inactive,https://greenbook.nafdac.gov.ng/,2026-08-23
dhappq,NGA,C4-1046,Pymal Suspension+++,Dihydroartemisinin; Piperaquine Phosphate,"Each 80 mL after reconstitution contains: Dihydroartemisinin 80 mg, Piperaquine Phosphate 640 mg
Excipients: Sodium Citrate Anhydrous, Sugar, Colloidal Silicon Dioxide, Xanthan Gum, Flavour Orange Dry Powder, Aspartame, Sodium Benzoate, Sunset Yellow Supra",Suspension,80 mg; 640 mg, 1 x 80 mL,Oral,Pinnacle Health Pharmaceutical &amp; Stores Ltd,P01BF07,2020-09-02,2025-09-01,Inactive,https://greenbook.nafdac.gov.ng/,2026-08-23
dhappq,NGA,C4-1135,Aquart Tablets,Dihydroartemisinin; Piperaquine Phosphate,"Each tablet contains: Dihydroartemisinin 40 mg, Piperaquine Phosphate 320 mg",Tablet,40 mg; 320 mg,,Oral,Aquatix Pharmaceuticals Limited,P01BF07,2020-11-10,2025-11-09,Inactive,https://greenbook.nafdac.gov.ng/,2026-08-23
dhappq,NGA,C4-1156,Amosinin Tablets,Dihydroartemisinin; Piperaquine Phosphate,"Each tablet contains: Dihydroartemisinin 40 mg, Piperaquine Phosphate 320 mg",Tablet,40 mg; 320 mg,,Oral,Astra Pharma Ltd,P01BF07,2020-11-10,2025-11-09,Inactive,https://greenbook.nafdac.gov.ng/,2026-08-23
dhappq,NGA,C4-1229,D-Artepp 80 mg/640 mg Tablets,Dihydroartemisinin; Piperaquine Phosphate,Dihydroartemisinin 80 mg and Piperaquine (as Phosphate) 640 mg,Tablet,80 mg; 640 mg,,Oral,Guilin Pharmaceuticals Nigeria Limited,P01BF07,2020-11-10,2025-11-09,Inactive,https://greenbook.nafdac.gov.ng/,2026-08-23
dhappq,NGA,C4-1229,D-Artepp 80 mg/640 mg Tablets_,Dihydroartemisinin; Piperaquine Phosphate,"Each tablet contains: Dihyroartemisinin 80 mg, and Piperaquine 640 mg
Excipients q.s.",Tablet,80 mg; 640 mg,"1 x 6's, 25 x 6's (in PVC-Alu blisters)",Oral,Tridem Pharma Nigeria Limited,P01BF05,2025-11-26,2030-11-25,Active,https://greenbook.nafdac.gov.ng/,2026-08-23
dhappq,NGA,C4-1754,D-Artepp Dispersible Tablets,Dihydroartemisinin; Piperaquine Phosphate,"Dihydroartemisinin 30 mg and Piperaquine 240 mg
Each dispersible tablet contains: Dihydroartemisinin 30 mg and Piperaquine (as phosphate) 240 mg",Tablet,30 mg; 240 mg,2 x 3's,Oral,Guilin Pharmaceuticals Nigeria Limited,P01BF07,2021-08-03,2026-08-02,Inactive,https://greenbook.nafdac.gov.ng/,2026-08-23
pyramax,NGA,B4-9425,Pyramax Granules,Artesunate; Pyronaridine Tetraphosphate,"Each sachet contains: Artesunate 20 mg, Pyronaridine Tetraphosphate 60 mg, Excipients q.s.",Granules for suspension,20 mg; 60 mg,10 x 9's (in sachets),Oral,PharmaSymbiosis Limited,P01BF06,2024-02-28,2029-02-27,Active,https://greenbook.nafdac.gov.ng/,2026-08-23
