refId,productId,productName,authorityType,authority,iso3,event,eventDate,procedure,applicant,status,sourceUrl,retrievedDate
EMEA/H/W/004252,,Arpraziquantel — arpraziquantel,SRA,EMA,,opinion (EU-M4all / Art. 58),2023-12-14,EU-M4all,,Positive opinion,https://www.ema.europa.eu/en/opinion-medicine-use-outside-EU/human/arpraziquantel,2026-08-22
EMEA/H/W/005362,,"Dengue Tetravalent Vaccine (Live, Attenuated) Takeda — dengue tetravalent vaccine (live, attenuated)",SRA,EMA,,opinion (EU-M4all / Art. 58),2022-10-13,EU-M4all · Dengue,,Positive opinion (outcome 2026-07-23),https://www.ema.europa.eu/en/opinion-medicine-use-outside-EU/human/dengue-tetravalent-vaccine-live-attenuated-takeda,2026-08-22
EMEA/H/W/006659,,Lenacapavir Gilead — lenacapavir,SRA,EMA,,opinion (EU-M4all / Art. 58),2025-07-24,EU-M4all · HIV Infections;HIV-1,,Positive opinion,https://www.ema.europa.eu/en/opinion-medicine-use-outside-EU/human/lenacapavir-gilead,2026-08-22
EMEA/H/W/006686,,Acoziborole Winthrop — acoziborole,SRA,EMA,,opinion (EU-M4all / Art. 58),2026-02-24,"EU-M4all · Trypanosomiasis, African",,Positive opinion,https://www.ema.europa.eu/en/opinion-medicine-use-outside-EU/human/acoziborole-winthrop,2026-08-22
H-W-005779,,Actrapid — insulin human,SRA,EMA,,opinion (EU-M4all / Art. 58),2022-04-22,EU-M4all · Diabetes Mellitus,,Positive opinion (outcome 2022-04-22),https://www.ema.europa.eu/en/opinion-medicine-use-outside-EU/human/actrapid,2026-08-22
H-W-005780,,Insulatard — insulin human,SRA,EMA,,opinion (EU-M4all / Art. 58),2022-04-22,EU-M4all · Diabetes Mellitus,,Positive opinion,https://www.ema.europa.eu/en/opinion-medicine-use-outside-EU/human/insulatard,2026-08-22
H-W-2168,,Dapivirine Vaginal Ring 25 mg — dapivirine,SRA,EMA,,opinion (EU-M4all / Art. 58),2020-07-23,EU-M4all · Anti-HIV Agents,,Positive opinion (outcome 2025-06-19),https://www.ema.europa.eu/en/opinion-medicine-use-outside-EU/human/dapivirine-vaginal-ring-25-mg,2026-08-22
H-W-2300,,"Mosquirix — Plasmodium falciparum and hepatitis B vaccine (recombinant, adjuvanted)",SRA,EMA,,opinion (EU-M4all / Art. 58),2015-07-23,EU-M4all · Malaria,,Positive opinion (outcome 2025-03-27),https://www.ema.europa.eu/en/opinion-medicine-use-outside-EU/human/mosquirix,2026-08-22
H-W-2319,pyramax,Pyramax — artesunate;pyronaridine,SRA,EMA,,opinion (EU-M4all / Art. 58),2012-02-16,EU-M4all · Malaria,,Positive opinion (outcome 2025-06-05),https://www.ema.europa.eu/en/opinion-medicine-use-outside-EU/human/pyramax,2026-08-22
H-W-2320,,Fexinidazole Winthrop — fexinidazole,SRA,EMA,,opinion (EU-M4all / Art. 58),2018-11-15,"EU-M4all · Trypanosomiasis, African",,Positive opinion (outcome 2025-10-09),https://www.ema.europa.eu/en/opinion-medicine-use-outside-EU/human/fexinidazole-winthrop,2026-08-22
H-W-2495,,"Hexaxim — diphtheria, tetanus, pertussis (acellular, component), hepatitis B (rDNA), poliomyelitis (inactivated) and Haemophilus influenzae type b conjugate vaccine (adsorbed)",SRA,EMA,,opinion (EU-M4all / Art. 58),2012-06-21,"EU-M4all · Hepatitis B;Tetanus;Immunization;Meningitis, Haemophilus;Whooping Cough;Poliomyelitis;Diphtheria",,Withdrawn opinion (outcome 2020-09-24),https://www.ema.europa.eu/en/opinion-medicine-use-outside-EU/human/hexaxim,2026-08-22
H-W-2652,,Hemoprostol — misoprostol,SRA,EMA,,opinion (EU-M4all / Art. 58),2014-01-23,EU-M4all · Postpartum Hemorrhage,,Withdrawn opinion (outcome 2015-03-26),https://www.ema.europa.eu/en/opinion-medicine-use-outside-EU/human/hemoprostol,2026-08-22
H-W-3799,,Umbipro — chlorhexidine,SRA,EMA,,opinion (EU-M4all / Art. 58),2016-04-28,EU-M4all · Soft Tissue Infections,,Withdrawn opinion (outcome 2019-12-19),https://www.ema.europa.eu/en/opinion-medicine-use-outside-EU/human/umbipro,2026-08-22
H-W-3838,,"Tritanrix HB — diphtheria (D), tetanus (T), pertussis (whole cell) (Pw) and hepatitis B (rDNA) (HBV) vaccine (adsorbed)",SRA,EMA,,opinion (EU-M4all / Art. 58),2013-12-19,"EU-M4all · Hepatitis;Tetanus;Immunization;Meningitis, Haemophilus;Whooping Cough;Poliomyelitis;Diphtheria",,Withdrawn opinion (outcome 2013-12-19),https://www.ema.europa.eu/en/opinion-medicine-use-outside-EU/human/tritanrix-hb,2026-08-22
H-W-5186,,Ivermectin/Albendazole — ivermectin;albendazole,SRA,EMA,,opinion (EU-M4all / Art. 58),2025-01-30,EU-M4all · Parasitic Diseases;Helminthiasis;Hookworm Infections;Ascaridida Infections;Trichuriasis;Strongyloidiasis,,Positive opinion,https://www.ema.europa.eu/en/opinion-medicine-use-outside-EU/human/ivermectin-albendazole,2026-08-22
H-W-764,,Aluvia — lopinavir;ritonavir,SRA,EMA,,opinion (EU-M4all / Art. 58),2006-09-21,EU-M4all · HIV Infections,,Positive opinion (outcome 2025-04-09),https://www.ema.europa.eu/en/opinion-medicine-use-outside-EU/human/aluvia,2026-08-22
H/W/672,,Lamivudine / Zidovudine ViiV (previously Lamivudine / Zidovudine GSK) — lamivudine;zidovudine,SRA,EMA,,opinion (EU-M4all / Art. 58),2005-11-17,EU-M4all · HIV Infections,,Withdrawn opinion (outcome 2015-09-17),https://www.ema.europa.eu/en/opinion-medicine-use-outside-EU/human/lamivudine-zidovudine-viiv-previously-lamivudine-zidovudine-gsk,2026-08-22
H/W/673,,Lamivudine ViiV — lamivudine,SRA,EMA,,opinion (EU-M4all / Art. 58),2005-11-17,EU-M4all · HIV Infections,,Withdrawn opinion (outcome 2015-09-17),https://www.ema.europa.eu/en/opinion-medicine-use-outside-EU/human/lamivudine-viiv,2026-08-22
H/W/848,,"Globorix — diphtheria (D), tetanus (T), pertussis (whole cell) (Pw), hepatitis B (rDNA) (HBV), Haemophilus type b (HIB) and Neisseria meningitidis group A and C (MenAC) conjugate vaccine (adsorbed)",SRA,EMA,,opinion (EU-M4all / Art. 58),,"EU-M4all · Immunization;Hepatitis B;Diphtheria-Tetanus-Pertussis Vaccine;Bordetella pertussis;Haemophilus influenzae type b;Neisseria meningitidis, Serogroup A;Neisseria meningitidis, Serogroup C",,Withdrawn application,https://www.ema.europa.eu/en/opinion-medicine-use-outside-EU/human/globorix,2026-08-22
EMA Art 58 H-W-2319-2,pyramax,"Artesunate/Pyronaridine (phosphate) Tablet, Film-coated 60mg/180mg",WHO-PQ,WHO Prequalification (medicines),,listed (alternative),,EMA Article 58,Shin Poong Pharmaceutical Co Ltd,,https://extranet.who.int/prequal/medicines/prequalified/finished-pharmaceutical-products,2026-08-22
EMA Art 58 H-W-2319-3,pyramax,Artesunate/Pyronaridine (phosphate) Granules for Oral suspension 20mg/60mg,WHO-PQ,WHO Prequalification (medicines),,listed (alternative),,EMA Article 58,Shin Poong Pharmaceutical Co Ltd,,https://extranet.who.int/prequal/medicines/prequalified/finished-pharmaceutical-products,2026-08-22
MA026,,Artemether/Lumefantrine Tablet 20mg/120mg,WHO-PQ,WHO Prequalification (medicines),,prequalified,2004-04-26,Prequalification - Abridged,Novartis Pharma AG,,https://extranet.who.int/prequal/medicines/prequalified/finished-pharmaceutical-products,2026-08-22
MA051,,Artesunate Powder for solution for injection 60mg,WHO-PQ,WHO Prequalification (medicines),,prequalified,2010-11-05,Prequalification - Full,"Guilin Pharmaceutical Co., Ltd.",,https://extranet.who.int/prequal/medicines/prequalified/finished-pharmaceutical-products,2026-08-22
MA056,,Amodiaquine (hydrochloride)/Artesunate Tablet 67.5mg/25mg,WHO-PQ,WHO Prequalification (medicines),,prequalified,2008-10-14,Prequalification - Full,Sanofi,,https://extranet.who.int/prequal/medicines/prequalified/finished-pharmaceutical-products,2026-08-22
MA057,,Amodiaquine (hydrochloride)/Artesunate Tablet 135mg/50mg,WHO-PQ,WHO Prequalification (medicines),,prequalified,2008-10-14,Prequalification - Full,Sanofi,,https://extranet.who.int/prequal/medicines/prequalified/finished-pharmaceutical-products,2026-08-22
MA058,,Amodiaquine (hydrochloride)/Artesunate Tablet 270mg/100mg,WHO-PQ,WHO Prequalification (medicines),,prequalified,2008-10-14,Prequalification - Full,Sanofi,,https://extranet.who.int/prequal/medicines/prequalified/finished-pharmaceutical-products,2026-08-22
MA062,,Artemether/Lumefantrine Tablet 20mg/120mg,WHO-PQ,WHO Prequalification (medicines),,prequalified,2009-12-15,Prequalification - Full,Ipca Laboratories Ltd,,https://extranet.who.int/prequal/medicines/prequalified/finished-pharmaceutical-products,2026-08-22
MA064,,Artemether/Lumefantrine Tablet 20mg/120mg,WHO-PQ,WHO Prequalification (medicines),,prequalified,2009-05-22,Prequalification - Full,Cipla Ltd,,https://extranet.who.int/prequal/medicines/prequalified/finished-pharmaceutical-products,2026-08-22
MA069,,"Artemether/Lumefantrine Tablet, Dispersible 20mg/120mg",WHO-PQ,WHO Prequalification (medicines),,prequalified,2009-02-27,Prequalification - Abridged,Novartis Pharma AG,,https://extranet.who.int/prequal/medicines/prequalified/finished-pharmaceutical-products,2026-08-22
MA080,,Amodiaquine (hydrochloride)/Artesunate Tablet 67.5mg/25mg,WHO-PQ,WHO Prequalification (medicines),,prequalified,2012-06-01,Prequalification - Full,Ipca Laboratories Ltd,,https://extranet.who.int/prequal/medicines/prequalified/finished-pharmaceutical-products,2026-08-22
MA081,,Amodiaquine (hydrochloride)/Artesunate Tablet 135mg/50mg,WHO-PQ,WHO Prequalification (medicines),,prequalified,2012-06-01,Prequalification - Full,Ipca Laboratories Ltd,,https://extranet.who.int/prequal/medicines/prequalified/finished-pharmaceutical-products,2026-08-22
MA082,,Amodiaquine (hydrochloride)/Artesunate Tablet 270mg/100mg,WHO-PQ,WHO Prequalification (medicines),,prequalified,2012-06-01,Prequalification - Full,Ipca Laboratories Ltd,,https://extranet.who.int/prequal/medicines/prequalified/finished-pharmaceutical-products,2026-08-22
MA083,,Amodiaquine (hydrochloride)/Artesunate Tablet 67.5mg/25mg,WHO-PQ,WHO Prequalification (medicines),,prequalified,2012-11-16,Prequalification - Full,Guilin Pharmaceutical Co Ltd,,https://extranet.who.int/prequal/medicines/prequalified/finished-pharmaceutical-products,2026-08-22
MA084,,Amodiaquine (hydrochloride)/Artesunate Tablet 135mg/50mg,WHO-PQ,WHO Prequalification (medicines),,prequalified,2012-11-16,Prequalification - Full,Guilin Pharmaceutical Co Ltd,,https://extranet.who.int/prequal/medicines/prequalified/finished-pharmaceutical-products,2026-08-22
MA085,,Amodiaquine (hydrochloride)/Artesunate Tablet 270mg/100mg,WHO-PQ,WHO Prequalification (medicines),,prequalified,2012-11-16,Prequalification - Full,Guilin Pharmaceutical Co Ltd,,https://extranet.who.int/prequal/medicines/prequalified/finished-pharmaceutical-products,2026-08-22
MA088,,Artemether/Lumefantrine Tablet 20mg/120mg,WHO-PQ,WHO Prequalification (medicines),,prequalified,2013-06-24,Prequalification - Full,Strides Pharma Global PTE Limited,,https://extranet.who.int/prequal/medicines/prequalified/finished-pharmaceutical-products,2026-08-22
MA089,,Artesunate Powder for solution for injection 30mg,WHO-PQ,WHO Prequalification (medicines),,prequalified,2013-05-23,Prequalification - Full,"Guilin Pharmaceutical Co., Ltd.",,https://extranet.who.int/prequal/medicines/prequalified/finished-pharmaceutical-products,2026-08-22
MA090,,Artesunate Powder for solution for injection 120mg/vial,WHO-PQ,WHO Prequalification (medicines),,prequalified,2013-05-23,Prequalification - Full,"Guilin Pharmaceutical Co., Ltd.",,https://extranet.who.int/prequal/medicines/prequalified/finished-pharmaceutical-products,2026-08-22
MA091,,Artemether/Lumefantrine Tablet 20mg/120mg,WHO-PQ,WHO Prequalification (medicines),,prequalified,2013-10-21,Prequalification - Full,Macleods Pharmaceuticals Ltd,,https://extranet.who.int/prequal/medicines/prequalified/finished-pharmaceutical-products,2026-08-22
MA092,,"Artemether/Lumefantrine Tablet, Dispersible 20mg/120mg",WHO-PQ,WHO Prequalification (medicines),,prequalified,2012-12-19,Prequalification - Full,Ajanta Pharma Ltd,,https://extranet.who.int/prequal/medicines/prequalified/finished-pharmaceutical-products,2026-08-22
MA093,dhappq,"Dihydroartemisinin/Piperaquine phosphate Tablet, Film-coated 20mg/160mg",WHO-PQ,WHO Prequalification (medicines),,prequalified,2015-10-09,Prequalification - Abridged,Alfasigma S.p.A.,,https://extranet.who.int/prequal/medicines/prequalified/finished-pharmaceutical-products,2026-08-22
MA094,dhappq,"Dihydroartemisinin/Piperaquine phosphate Tablet, Film-coated 40mg/320mg",WHO-PQ,WHO Prequalification (medicines),,prequalified,2015-10-09,Prequalification - Abridged,Alfasigma S.p.A.,,https://extranet.who.int/prequal/medicines/prequalified/finished-pharmaceutical-products,2026-08-22
MA099,,Artemether/Lumefantrine Tablet 20mg/120mg,WHO-PQ,WHO Prequalification (medicines),,prequalified,2014-05-16,Prequalification - Full,Mylan Laboratories Ltd.,,https://extranet.who.int/prequal/medicines/prequalified/finished-pharmaceutical-products,2026-08-22
MA102,,Amodiaquine (hydrochloride)/Artesunate Tablet 67.5mg/25mg,WHO-PQ,WHO Prequalification (medicines),,prequalified,2014-04-08,Prequalification - Full,Cipla Ltd,,https://extranet.who.int/prequal/medicines/prequalified/finished-pharmaceutical-products,2026-08-22
MA103,,Amodiaquine (hydrochloride)/Artesunate Tablet 135mg/50mg,WHO-PQ,WHO Prequalification (medicines),,prequalified,2014-04-08,Prequalification - Full,Cipla Ltd,,https://extranet.who.int/prequal/medicines/prequalified/finished-pharmaceutical-products,2026-08-22
MA104,,Amodiaquine (hydrochloride)/Artesunate Tablet 270mg/100mg,WHO-PQ,WHO Prequalification (medicines),,prequalified,2014-04-08,Prequalification - Full,Cipla Ltd,,https://extranet.who.int/prequal/medicines/prequalified/finished-pharmaceutical-products,2026-08-22
MA108,,Artemether/Lumefantrine Tablet 80mg/480mg,WHO-PQ,WHO Prequalification (medicines),,prequalified,2015-07-15,Prequalification - Full,Novartis Pharma AG,,https://extranet.who.int/prequal/medicines/prequalified/finished-pharmaceutical-products,2026-08-22
MA110,,"Artemether/Lumefantrine Tablet, Dispersible 20mg/120mg",WHO-PQ,WHO Prequalification (medicines),,prequalified,2017-12-12,Prequalification - Full,Strides Pharma Global PTE Limited,,https://extranet.who.int/prequal/medicines/prequalified/finished-pharmaceutical-products,2026-08-22
MA111,,Artemether/Lumefantrine Tablet 20mg/120mg,WHO-PQ,WHO Prequalification (medicines),,prequalified,2014-10-06,Prequalification - Full,Ajanta Pharma Ltd,,https://extranet.who.int/prequal/medicines/prequalified/finished-pharmaceutical-products,2026-08-22
MA113,,Pyrimethamine/Sulfadoxine Tablet 25mg/500mg,WHO-PQ,WHO Prequalification (medicines),,prequalified,2018-10-31,Prequalification - Full,Guilin Pharmaceutical Co Ltd,,https://extranet.who.int/prequal/medicines/prequalified/finished-pharmaceutical-products,2026-08-22
MA115,,"Artemether/Lumefantrine Tablet, Dispersible 20mg/120mg",WHO-PQ,WHO Prequalification (medicines),,prequalified,2017-07-17,Prequalification - Full,Cipla Ltd,,https://extranet.who.int/prequal/medicines/prequalified/finished-pharmaceutical-products,2026-08-22
MA116,,"Pyrimethamine/Sulfadoxine Tablet, Dispersible + Amodiaquine (hydrochloride) Tablet, Dispersible 12.5mg/250mg + 76.5mg",WHO-PQ,WHO Prequalification (medicines),,prequalified,2018-08-21,Prequalification - Full,Guilin Pharmaceutical Co Ltd,,https://extranet.who.int/prequal/medicines/prequalified/finished-pharmaceutical-products,2026-08-22
MA117,,"Pyrimethamine/Sulfadoxine Tablet, Dispersible + Amodiaquine (hydrochloride) Tablet, Dispersible 25mg/500mg + 153mg",WHO-PQ,WHO Prequalification (medicines),,prequalified,2018-08-21,Prequalification - Full,Guilin Pharmaceutical Co Ltd,,https://extranet.who.int/prequal/medicines/prequalified/finished-pharmaceutical-products,2026-08-22
MA123,,"Artesunate Capsule, Soft, Rectal 100mg",WHO-PQ,WHO Prequalification (medicines),,prequalified,2018-06-19,Prequalification - Full,Strides Pharma Global PTE Limited,,https://extranet.who.int/prequal/medicines/prequalified/finished-pharmaceutical-products,2026-08-22
MA124,,"Artesunate Capsule, Soft, Rectal 100mg",WHO-PQ,WHO Prequalification (medicines),,prequalified,2018-02-22,Prequalification - Full,Cipla Ltd,,https://extranet.who.int/prequal/medicines/prequalified/finished-pharmaceutical-products,2026-08-22
MA125,,Amodiaquine (hydrochloride)/Artesunate Tablet 67.5mg/25mg,WHO-PQ,WHO Prequalification (medicines),,prequalified,2019-05-15,Prequalification - Full,Macleods Pharmaceuticals Ltd,,https://extranet.who.int/prequal/medicines/prequalified/finished-pharmaceutical-products,2026-08-22
MA126,,Amodiaquine (hydrochloride)/Artesunate Tablet 135mg/50mg,WHO-PQ,WHO Prequalification (medicines),,prequalified,2019-05-15,Prequalification - Full,Macleods Pharmaceuticals Ltd,,https://extranet.who.int/prequal/medicines/prequalified/finished-pharmaceutical-products,2026-08-22
MA127,,Amodiaquine (hydrochloride)/Artesunate Tablet 270mg/100mg,WHO-PQ,WHO Prequalification (medicines),,prequalified,2019-05-15,Prequalification - Full,Macleods Pharmaceuticals Ltd,,https://extranet.who.int/prequal/medicines/prequalified/finished-pharmaceutical-products,2026-08-22
MA128,,Artemether/Lumefantrine Tablet 40mg/240mg,WHO-PQ,WHO Prequalification (medicines),,prequalified,2017-04-21,Prequalification - Full,Ajanta Pharma Ltd,,https://extranet.who.int/prequal/medicines/prequalified/finished-pharmaceutical-products,2026-08-22
MA129,,Artemether/Lumefantrine Tablet 60mg/360mg,WHO-PQ,WHO Prequalification (medicines),,prequalified,2017-04-21,Prequalification - Full,Ajanta Pharma Ltd,,https://extranet.who.int/prequal/medicines/prequalified/finished-pharmaceutical-products,2026-08-22
MA130,,Artemether/Lumefantrine Tablet 80mg/480mg,WHO-PQ,WHO Prequalification (medicines),,prequalified,2017-04-21,Prequalification - Full,Ajanta Pharma Ltd,,https://extranet.who.int/prequal/medicines/prequalified/finished-pharmaceutical-products,2026-08-22
MA131,dhappq,"Dihydroartemisinin/Piperaquine phosphate Tablet, Film-coated 40mg/320mg",WHO-PQ,WHO Prequalification (medicines),,prequalified,2019-11-19,Prequalification - Full,Guilin Pharmaceutical Co Ltd,,https://extranet.who.int/prequal/medicines/prequalified/finished-pharmaceutical-products,2026-08-22
MA132,,Amodiaquine (hydrochloride)/Artesunate Tablet 67.5mg/25mg,WHO-PQ,WHO Prequalification (medicines),,prequalified,2018-10-31,Prequalification - Full,Micro Labs Limited,,https://extranet.who.int/prequal/medicines/prequalified/finished-pharmaceutical-products,2026-08-22
MA133,,Amodiaquine (hydrochloride)/Artesunate Tablet 135mg/50mg,WHO-PQ,WHO Prequalification (medicines),,prequalified,2018-10-31,Prequalification - Full,Micro Labs Limited,,https://extranet.who.int/prequal/medicines/prequalified/finished-pharmaceutical-products,2026-08-22
MA134,,Amodiaquine (hydrochloride)/Artesunate Tablet 270mg/100mg,WHO-PQ,WHO Prequalification (medicines),,prequalified,2018-10-31,Prequalification - Full,Micro Labs Limited,,https://extranet.who.int/prequal/medicines/prequalified/finished-pharmaceutical-products,2026-08-22
MA135,,Artesunate Powder for solution for injection 60mg,WHO-PQ,WHO Prequalification (medicines),,prequalified,2018-12-18,Prequalification - Full,Ipca Laboratories Ltd,,https://extranet.who.int/prequal/medicines/prequalified/finished-pharmaceutical-products,2026-08-22
MA136,,"Artemether/Lumefantrine Tablet, Dispersible 20mg/120mg",WHO-PQ,WHO Prequalification (medicines),,prequalified,2018-06-19,Prequalification - Full,Ipca Laboratories Ltd,,https://extranet.who.int/prequal/medicines/prequalified/finished-pharmaceutical-products,2026-08-22
MA137,,"Artemether/Lumefantrine Tablet, Dispersible 20mg/120mg",WHO-PQ,WHO Prequalification (medicines),,prequalified,2019-08-22,Prequalification - Full,Macleods Pharmaceuticals Ltd,,https://extranet.who.int/prequal/medicines/prequalified/finished-pharmaceutical-products,2026-08-22
MA139,dhappq,"Dihydroartemisinin/Piperaquine phosphate Tablet, Dispersible 40mg/320mg",WHO-PQ,WHO Prequalification (medicines),,prequalified,2019-11-19,Prequalification - Full,Guilin Pharmaceutical Co Ltd,,https://extranet.who.int/prequal/medicines/prequalified/finished-pharmaceutical-products,2026-08-22
MA140,dhappq,"Dihydroartemisinin/Piperaquine phosphate Tablet, Film-coated 80mg/640mg",WHO-PQ,WHO Prequalification (medicines),,prequalified,2019-11-19,Prequalification - Full,Guilin Pharmaceutical Co Ltd,,https://extranet.who.int/prequal/medicines/prequalified/finished-pharmaceutical-products,2026-08-22
MA141,dhappq,"Dihydroartemisinin/Piperaquine phosphate Tablet, Dispersible 20mg/160mg",WHO-PQ,WHO Prequalification (medicines),,prequalified,2019-11-19,Prequalification - Full,Guilin Pharmaceutical Co Ltd,,https://extranet.who.int/prequal/medicines/prequalified/finished-pharmaceutical-products,2026-08-22
MA142,,Artemether/Lumefantrine Tablet 80mg/480mg,WHO-PQ,WHO Prequalification (medicines),,prequalified,2019-08-22,Prequalification - Full,Macleods Pharmaceuticals Ltd,,https://extranet.who.int/prequal/medicines/prequalified/finished-pharmaceutical-products,2026-08-22
MA143,,Artemether/Lumefantrine Tablet 40mg/240mg,WHO-PQ,WHO Prequalification (medicines),,prequalified,2019-08-22,Prequalification - Full,Macleods Pharmaceuticals Ltd,,https://extranet.who.int/prequal/medicines/prequalified/finished-pharmaceutical-products,2026-08-22
MA144,,"Pyrimethamine/Sulfadoxine Tablet, Dispersible 12.5mg/250mg",WHO-PQ,WHO Prequalification (medicines),,prequalified,2021-04-12,Prequalification - Full,S Kant Healthcare Ltd.,,https://extranet.who.int/prequal/medicines/prequalified/finished-pharmaceutical-products,2026-08-22
MA145,,"Pyrimethamine/Sulfadoxine Tablet, Dispersible 25mg/500mg",WHO-PQ,WHO Prequalification (medicines),,prequalified,2021-04-12,Prequalification - Full,S Kant Healthcare Ltd.,,https://extranet.who.int/prequal/medicines/prequalified/finished-pharmaceutical-products,2026-08-22
MA146,,"Pyrimethamine/Sulfadoxine Tablet, Dispersible + Amodiaquine (hydrochloride) Tablet, Dispersible 12.5mg/250mg + 75mg",WHO-PQ,WHO Prequalification (medicines),,prequalified,2021-04-12,Prequalification - Full,S Kant Healthcare Ltd.,,https://extranet.who.int/prequal/medicines/prequalified/finished-pharmaceutical-products,2026-08-22
MA147,,"Pyrimethamine/Sulfadoxine Tablet, Dispersible + Amodiaquine (hydrochloride) Tablet, Dispersible 25mg/500mg + 150mg",WHO-PQ,WHO Prequalification (medicines),,prequalified,2021-04-12,Prequalification - Full,S Kant Healthcare Ltd.,,https://extranet.who.int/prequal/medicines/prequalified/finished-pharmaceutical-products,2026-08-22
MA151,dhappq,"Dihydroartemisinin/Piperaquine phosphate Tablet, Film-coated 60mg/480mg",WHO-PQ,WHO Prequalification (medicines),,prequalified,2020-09-16,Prequalification - Full,Guilin Pharmaceutical Co Ltd,,https://extranet.who.int/prequal/medicines/prequalified/finished-pharmaceutical-products,2026-08-22
MA152,,Artesunate Powder for solution for injection 60mg,WHO-PQ,WHO Prequalification (medicines),,prequalified,2021-04-13,Prequalification - Full,Macleods Pharmaceuticals Ltd,,https://extranet.who.int/prequal/medicines/prequalified/finished-pharmaceutical-products,2026-08-22
MA157,dhappq,"Dihydroartemisinin/Piperaquine phosphate Tablet, Dispersible 30mg/240mg",WHO-PQ,WHO Prequalification (medicines),,prequalified,2020-11-25,Prequalification - Full,Guilin Pharmaceutical Co Ltd,,https://extranet.who.int/prequal/medicines/prequalified/finished-pharmaceutical-products,2026-08-22
MA158,,"Pyrimethamine/Sulfadoxine Tablet, Dispersible 12.5mg/250mg",WHO-PQ,WHO Prequalification (medicines),,prequalified,2021-07-01,Prequalification - Full,Macleods Pharmaceuticals Ltd,,https://extranet.who.int/prequal/medicines/prequalified/finished-pharmaceutical-products,2026-08-22
MA159,,"Pyrimethamine/Sulfadoxine Tablet, Dispersible 25mg/500mg",WHO-PQ,WHO Prequalification (medicines),,prequalified,2021-07-01,Prequalification - Full,Macleods Pharmaceuticals Ltd,,https://extranet.who.int/prequal/medicines/prequalified/finished-pharmaceutical-products,2026-08-22
MA160,,Artemether/Lumefantrine Tablet 80mg/480mg,WHO-PQ,WHO Prequalification (medicines),,prequalified,2022-02-01,Prequalification - Full,Ipca Laboratories Ltd,,https://extranet.who.int/prequal/medicines/prequalified/finished-pharmaceutical-products,2026-08-22
MA163,,"Pyrimethamine/Sulfadoxine Tablet, Dispersible 25mg/500mg",WHO-PQ,WHO Prequalification (medicines),,prequalified,2022-08-22,Prequalification - Full,Universal Corporation Ltd,,https://extranet.who.int/prequal/medicines/prequalified/finished-pharmaceutical-products,2026-08-22
MA166,,"Pyrimethamine/Sulfadoxine Tablet, Dispersible 12.50mg/250mg",WHO-PQ,WHO Prequalification (medicines),,prequalified,2022-08-22,Prequalification - Full,Universal Corporation Ltd,,https://extranet.who.int/prequal/medicines/prequalified/finished-pharmaceutical-products,2026-08-22
MA167,,Artemether/Lumefantrine Tablet 20mg/120mg,WHO-PQ,WHO Prequalification (medicines),,prequalified,2022-02-09,Prequalification - Full,Laboratorios Basi - Industria Farmaceutica SA,,https://extranet.who.int/prequal/medicines/prequalified/finished-pharmaceutical-products,2026-08-22
MA168,,Artesunate Powder for solution for injection 60mg,WHO-PQ,WHO Prequalification (medicines),,prequalified,2023-06-27,Prequalification - Full,"Guilin Pharmaceutical Co., Ltd.",,https://extranet.who.int/prequal/medicines/prequalified/finished-pharmaceutical-products,2026-08-22
MA169,,"Pyrimethamine/Sulfadoxine Tablet, Dispersible + Amodiaquine (hydrochloride) Tablet, Dispersible 25mg/500mg + 150mg",WHO-PQ,WHO Prequalification (medicines),,prequalified,2023-07-30,Prequalification - Full,Universal Corporation Ltd,,https://extranet.who.int/prequal/medicines/prequalified/finished-pharmaceutical-products,2026-08-22
MA170,,"Pyrimethamine/Sulfadoxine Tablet, Dispersible+Amodiaquine (hydrochloride) Tablet, Dispersible   12.50mg/250mg+76.5mg",WHO-PQ,WHO Prequalification (medicines),,prequalified,2022-11-04,Prequalification - Full,Macleods Pharmaceuticals Ltd,,https://extranet.who.int/prequal/medicines/prequalified/finished-pharmaceutical-products,2026-08-22
MA171,,"Pyrimethamine/Sulfadoxine Tablet, Dispersible+Amodiaquine (hydrochloride) Tablet, Dispersible   25mg/500mg+153mg",WHO-PQ,WHO Prequalification (medicines),,prequalified,2022-11-04,Prequalification - Full,Macleods Pharmaceuticals Ltd,,https://extranet.who.int/prequal/medicines/prequalified/finished-pharmaceutical-products,2026-08-22
MA172,,"Pyrimethamine/Sulfadoxine Tablet, Dispersible + Amodiaquine (hydrochloride) Tablet, Dispersible 12.5mg/250mg + 75mg",WHO-PQ,WHO Prequalification (medicines),,prequalified,2023-07-30,Prequalification - Full,Universal Corporation Ltd,,https://extranet.who.int/prequal/medicines/prequalified/finished-pharmaceutical-products,2026-08-22
MA176,,"Primaquine (phosphate) Tablet, Film-coated 15mg",WHO-PQ,WHO Prequalification (medicines),,prequalified,2023-12-22,Prequalification - Full,Macleods Pharmaceuticals Ltd,,https://extranet.who.int/prequal/medicines/prequalified/finished-pharmaceutical-products,2026-08-22
MA177,dhappq,"Dihydroartemisinin/Piperaquine phosphate Tablet, Film-coated 40mg/320mg",WHO-PQ,WHO Prequalification (medicines),,prequalified,2023-10-10,Prequalification - Full,Beijing Holley-Cotec Pharmaceuticals Co Ltd,,https://extranet.who.int/prequal/medicines/prequalified/finished-pharmaceutical-products,2026-08-22
MA178,,"Pyrimethamine/Sulfadoxine Tablet, Dispersible 12.50mg/250mg",WHO-PQ,WHO Prequalification (medicines),,prequalified,2023-07-30,Prequalification - Full,Guilin Pharmaceutical Co Ltd,,https://extranet.who.int/prequal/medicines/prequalified/finished-pharmaceutical-products,2026-08-22
MA179,,"Pyrimethamine/Sulfadoxine Tablet, Dispersible 25mg/500mg",WHO-PQ,WHO Prequalification (medicines),,prequalified,2023-07-30,Prequalification - Full,Guilin Pharmaceutical Co Ltd,,https://extranet.who.int/prequal/medicines/prequalified/finished-pharmaceutical-products,2026-08-22
MA180,,Pyrimethamine/Sulfadoxine Tablet 25mg/500mg,WHO-PQ,WHO Prequalification (medicines),,prequalified,2024-08-16,Prequalification - Full,Swiss Pharma Nigeria Ltd,,https://extranet.who.int/prequal/medicines/prequalified/finished-pharmaceutical-products,2026-08-22
MA186,,Artesunate Powder for solution for injection 120 mg,WHO-PQ,WHO Prequalification (medicines),,prequalified,2023-09-05,Prequalification - Full,Ipca Laboratories Ltd,,https://extranet.who.int/prequal/medicines/prequalified/finished-pharmaceutical-products,2026-08-22
MA189,,"Pyrimethamine/Sulfadoxine Tablet, Dispersible + Amodiaquine (hydrochloride) Tablet, Dispersible 12.5mg/250mg + 76.5mg",WHO-PQ,WHO Prequalification (medicines),,prequalified,2024-04-25,Prequalification - Full,Ipca Laboratories Ltd,,https://extranet.who.int/prequal/medicines/prequalified/finished-pharmaceutical-products,2026-08-22
MA190,,"Pyrimethamine/Sulfadoxine Tablet, Dispersible + Amodiaquine (hydrochloride) Tablet, Dispersible 25mg/500mg + 153mg",WHO-PQ,WHO Prequalification (medicines),,prequalified,2024-04-25,Prequalification - Full,Ipca Laboratories Ltd,,https://extranet.who.int/prequal/medicines/prequalified/finished-pharmaceutical-products,2026-08-22
MA191,,"Pyrimethamine/Sulfadoxine Tablet, Dispersible 12.50mg/250mg",WHO-PQ,WHO Prequalification (medicines),,prequalified,2024-04-25,Prequalification - Full,Ipca Laboratories Ltd,,https://extranet.who.int/prequal/medicines/prequalified/finished-pharmaceutical-products,2026-08-22
MA192,,"Pyrimethamine/Sulfadoxine Tablet, Dispersible 25mg/500mg",WHO-PQ,WHO Prequalification (medicines),,prequalified,2024-04-25,Prequalification - Full,Ipca Laboratories Ltd,,https://extranet.who.int/prequal/medicines/prequalified/finished-pharmaceutical-products,2026-08-22
MA193,,Pyrimethamine/Sulfadoxine Tablet 25mg/500mg,WHO-PQ,WHO Prequalification (medicines),,prequalified,2024-05-02,Prequalification - Full,S Kant Healthcare Ltd.,,https://extranet.who.int/prequal/medicines/prequalified/finished-pharmaceutical-products,2026-08-22
MA194,,Artesunate Powder for solution for injection 120mg,WHO-PQ,WHO Prequalification (medicines),,prequalified,2024-05-29,Prequalification - Full,Macleods Pharmaceuticals Ltd,,https://extranet.who.int/prequal/medicines/prequalified/finished-pharmaceutical-products,2026-08-22
MA195,,Artesunate Powder for solution for injection 180mg,WHO-PQ,WHO Prequalification (medicines),,prequalified,2024-12-12,Prequalification - Full,"Guilin Pharmaceutical Co., Ltd.",,https://extranet.who.int/prequal/medicines/prequalified/finished-pharmaceutical-products,2026-08-22
MA196,,"Primaquine (phosphate) Tablet, Film-coated 15mg",WHO-PQ,WHO Prequalification (medicines),,prequalified,2025-07-17,Prequalification - Full,Ipca Laboratories Ltd,,https://extranet.who.int/prequal/medicines/prequalified/finished-pharmaceutical-products,2026-08-22
MA197,,"Pyrimethamine/Sulfadoxine Tablet, Dispersible+Amodiaquine (hydrochloride) Tablet, Dispersible   12.5mg/250mg+76.5mg",WHO-PQ,WHO Prequalification (medicines),,prequalified,2025-09-17,Prequalification - Full,Ajanta Pharma Ltd,,https://extranet.who.int/prequal/medicines/prequalified/finished-pharmaceutical-products,2026-08-22
MA198,,"Pyrimethamine/Sulfadoxine Tablet, Dispersible+Amodiaquine (hydrochloride) Tablet, Dispersible   25mg/500mg+153mg",WHO-PQ,WHO Prequalification (medicines),,prequalified,2025-09-17,Prequalification - Full,Ajanta Pharma Ltd,,https://extranet.who.int/prequal/medicines/prequalified/finished-pharmaceutical-products,2026-08-22
MA200,,Artesunate Powder for solution for injection 120mg,WHO-PQ,WHO Prequalification (medicines),,prequalified,2024-12-12,Prequalification - Full,"Guilin Pharmaceutical Co., Ltd.",,https://extranet.who.int/prequal/medicines/prequalified/finished-pharmaceutical-products,2026-08-22
MA201,,Artesunate Powder for solution for injection 30mg,WHO-PQ,WHO Prequalification (medicines),,prequalified,2025-08-19,Prequalification - Full,"Guilin Pharmaceutical Co., Ltd.",,https://extranet.who.int/prequal/medicines/prequalified/finished-pharmaceutical-products,2026-08-22
MA202,,"Primaquine (phosphate) Tablet, Dispersible 5mg",WHO-PQ,WHO Prequalification (medicines),,prequalified,2025-11-06,Prequalification - Full,Guilin Pharmaceutical Co Ltd,,https://extranet.who.int/prequal/medicines/prequalified/finished-pharmaceutical-products,2026-08-22
MA203,,"Tafenoquine Tablet, Film-coated 150mg",WHO-PQ,WHO Prequalification (medicines),,prequalified,2024-10-28,Prequalification - Abridged,GlaxoSmithKline Australia Pty Ltd,,https://extranet.who.int/prequal/medicines/prequalified/finished-pharmaceutical-products,2026-08-22
MA204,,"Tafenoquine Tablet, Dispersible 50mg",WHO-PQ,WHO Prequalification (medicines),,prequalified,2024-12-02,Prequalification - Abridged,GlaxoSmithKline Australia Pty Ltd,,https://extranet.who.int/prequal/medicines/prequalified/finished-pharmaceutical-products,2026-08-22
MA205,,Artemether/Lumefantrine Tablet 20mg/120mg,WHO-PQ,WHO Prequalification (medicines),,prequalified,2025-07-05,Prequalification - Full,Velvet Med-Healthcare Solutions S.A,,https://extranet.who.int/prequal/medicines/prequalified/finished-pharmaceutical-products,2026-08-22
MA209,,"Primaquine (phosphate) Tablet, Dispersible 2.5mg",WHO-PQ,WHO Prequalification (medicines),,prequalified,2025-11-06,Prequalification - Full,Guilin Pharmaceutical Co Ltd,,https://extranet.who.int/prequal/medicines/prequalified/finished-pharmaceutical-products,2026-08-22
MA210,,Artemether/Lumefantrine Tablet 80mg/480mg,WHO-PQ,WHO Prequalification (medicines),,prequalified,2025-09-09,Prequalification - Full,Velvet Med-Healthcare Solutions S.A,,https://extranet.who.int/prequal/medicines/prequalified/finished-pharmaceutical-products,2026-08-22
MA217,,"Artemether/Lumefantrine Tablet, Dispersible 2.5mg/30mg",WHO-PQ,WHO Prequalification (medicines),,prequalified,2026-04-23,Prequalification - Abridged,Novartis AG,,https://extranet.who.int/prequal/medicines/prequalified/finished-pharmaceutical-products,2026-08-22
001-001,,SumiShield 50WG (IRS),WHO-PQ-VC,WHO Prequalification (vector control),,prequalified,2017-10-25,Clothianidin,"Sumitomo Chemical Co., Ltd",,https://extranet.who.int/prequal/vector-control-products/prequalified-product-list,2026-08-22
001-002,,Sumilarv 0.5G (Larvicide),WHO-PQ-VC,WHO Prequalification (vector control),,prequalified,2017-12-07,Pyriproxyfen,"Sumitomo Chemical Co., Ltd",,https://extranet.who.int/prequal/vector-control-products/prequalified-product-list,2026-08-22
001-004,,OLYSET Net (ITN),WHO-PQ-VC,WHO Prequalification (vector control),,prequalified,2017-12-07,Permethrin,"Sumitomo Chemical Co., Ltd",,https://extranet.who.int/prequal/vector-control-products/prequalified-product-list,2026-08-22
001-005,,OLYSET PLUS (ITN),WHO-PQ-VC,WHO Prequalification (vector control),,prequalified,2018-01-29,"Permethrin, Piperonyl Butoxide (PBO)","Sumitomo Chemical Co., Ltd",,https://extranet.who.int/prequal/vector-control-products/prequalified-product-list,2026-08-22
001-006,,Sumilarv 2MR (Larvicide),WHO-PQ-VC,WHO Prequalification (vector control),,prequalified,2017-12-07,Pyriproxyfen,"Sumitomo Chemical Co., Ltd",,https://extranet.who.int/prequal/vector-control-products/prequalified-product-list,2026-08-22
002-001,,Interceptor (ITN),WHO-PQ-VC,WHO Prequalification (vector control),,prequalified,2017-12-08,Alpha-cypermethrin,BASF AGRO B.V. Arnhem (NL) Freienbach Branch,,https://extranet.who.int/prequal/vector-control-products/prequalified-product-list,2026-08-22
002-002,,Interceptor G2 (ITN),WHO-PQ-VC,WHO Prequalification (vector control),,prequalified,2018-01-29,"Alpha-cypermethrin, Chlorfenapyr",BASF AGRO B.V. Arnhem (NL) Freienbach Branch,,https://extranet.who.int/prequal/vector-control-products/prequalified-product-list,2026-08-22
002-003,,Abate 500 EC (Larvicide),WHO-PQ-VC,WHO Prequalification (vector control),,prequalified,2018-04-18,Temephos,BASF AGRO B.V. Arnhem (NL) Freienbach Branch,,https://extranet.who.int/prequal/vector-control-products/prequalified-product-list,2026-08-22
002-004,,Abate 1 SG (Larvicide),WHO-PQ-VC,WHO Prequalification (vector control),,prequalified,2018-04-18,Temephos,BASF AGRO B.V. Arnhem (NL) Freienbach Branch,,https://extranet.who.int/prequal/vector-control-products/prequalified-product-list,2026-08-22
002-005,,"Fendona 10 SC (IRS, ITN Self Treatment Kit)",WHO-PQ-VC,WHO Prequalification (vector control),,prequalified,2017-12-08,Alpha-cypermethrin,BASF AGRO B.V. Arnhem (NL) Freienbach Branch,,https://extranet.who.int/prequal/vector-control-products/prequalified-product-list,2026-08-22
002-006,,"Fendona 6 SC (IRS, ITN Self Treatment Kit)",WHO-PQ-VC,WHO Prequalification (vector control),,prequalified,2017-12-08,Alpha-cypermethrin,BASF AGRO B.V. Arnhem (NL) Freienbach Branch,,https://extranet.who.int/prequal/vector-control-products/prequalified-product-list,2026-08-22
002-007,,Fendona 5 WP (IRS),WHO-PQ-VC,WHO Prequalification (vector control),,prequalified,2017-12-08,Alpha-cypermethrin,BASF AGRO B.V. Arnhem (NL) Freienbach Branch,,https://extranet.who.int/prequal/vector-control-products/prequalified-product-list,2026-08-22
004-001,,RUBI 50 WP (IRS),WHO-PQ-VC,WHO Prequalification (vector control),,prequalified,2017-12-08,Alpha-cypermethrin,Tagros Chemicals India Pvt. Ltd,,https://extranet.who.int/prequal/vector-control-products/prequalified-product-list,2026-08-22
004-002,,RUBI 100 WP (IRS),WHO-PQ-VC,WHO Prequalification (vector control),,prequalified,2017-12-08,Alpha-cypermethrin,Tagros Chemicals India Pvt. Ltd,,https://extranet.who.int/prequal/vector-control-products/prequalified-product-list,2026-08-22
004-003,,RUBI 50 SC (IRS),WHO-PQ-VC,WHO Prequalification (vector control),,prequalified,2017-12-08,Alpha-cypermethrin,Tagros Chemicals India Pvt. Ltd,,https://extranet.who.int/prequal/vector-control-products/prequalified-product-list,2026-08-22
004-004,,RUBI 100 SC (IRS),WHO-PQ-VC,WHO Prequalification (vector control),,prequalified,2017-12-08,Alpha-cypermethrin,Tagros Chemicals India Pvt. Ltd,,https://extranet.who.int/prequal/vector-control-products/prequalified-product-list,2026-08-22
004-005,,RUBI 250 WG-SB (IRS),WHO-PQ-VC,WHO Prequalification (vector control),,prequalified,2017-12-07,Alpha-cypermethrin,Tagros Chemicals India Pvt. Ltd,,https://extranet.who.int/prequal/vector-control-products/prequalified-product-list,2026-08-22
004-008,,PALI 250 WG (IRS),WHO-PQ-VC,WHO Prequalification (vector control),,prequalified,2018-02-28,Deltamethrin,Tagros Chemicals India Pvt. Ltd,,https://extranet.who.int/prequal/vector-control-products/prequalified-product-list,2026-08-22
004-010,,REVIVAL 100 WP (IRS),WHO-PQ-VC,WHO Prequalification (vector control),,prequalified,2018-05-03,Lambda-Cyhalothrin,Tagros Chemicals India Pvt. Ltd,,https://extranet.who.int/prequal/vector-control-products/prequalified-product-list,2026-08-22
004-011,,LIMITOR 5 GR (Larvicide),WHO-PQ-VC,WHO Prequalification (vector control),,prequalified,2017-12-07,Pyriproxyfen,Tagros Chemicals India Pvt. Ltd,,https://extranet.who.int/prequal/vector-control-products/prequalified-product-list,2026-08-22
004-012,,REVIVAL 100 CS (IRS),WHO-PQ-VC,WHO Prequalification (vector control),,prequalified,2018-02-28,Lambda-Cyhalothrin,Tagros Chemicals India Pvt. Ltd,,https://extranet.who.int/prequal/vector-control-products/prequalified-product-list,2026-08-22
004-014,,"REVIVAL 25 EC (Space Spray (indoor), Space Spray (outdoor))",WHO-PQ-VC,WHO Prequalification (vector control),,prequalified,2018-05-03,Lambda-Cyhalothrin,Tagros Chemicals India Pvt. Ltd,,https://extranet.who.int/prequal/vector-control-products/prequalified-product-list,2026-08-22
004-016,,"SENTRIN 20 EW (Space Spray (indoor), Space Spray (outdoor))",WHO-PQ-VC,WHO Prequalification (vector control),,prequalified,2018-02-28,Deltamethrin,Tagros Chemicals India Pvt. Ltd,,https://extranet.who.int/prequal/vector-control-products/prequalified-product-list,2026-08-22
004-017,,Axient 440EW (Space Spray (outdoor)),WHO-PQ-VC,WHO Prequalification (vector control),,prequalified,2023-03-16,Malathion,Tagros Chemicals India Pvt. Ltd,,https://extranet.who.int/prequal/vector-control-products/prequalified-product-list,2026-08-22
004-018,,2GARD (IRS),WHO-PQ-VC,WHO Prequalification (vector control),,prequalified,2021-11-18,"Clothianidin, Deltamethrin",Tagros Chemicals India Pvt. Ltd,,https://extranet.who.int/prequal/vector-control-products/prequalified-product-list,2026-08-22
004-019,,Klypson 500 WG (IRS),WHO-PQ-VC,WHO Prequalification (vector control),,prequalified,2021-12-14,Clothianidin,Tagros Chemicals India Pvt. Ltd,,https://extranet.who.int/prequal/vector-control-products/prequalified-product-list,2026-08-22
005-001,,PermaNet 2.0 (ITN),WHO-PQ-VC,WHO Prequalification (vector control),,prequalified,2017-12-08,Deltamethrin,Vestergaard Sarl,,https://extranet.who.int/prequal/vector-control-products/prequalified-product-list,2026-08-22
005-002,,PermaNet 3.0 (ITN),WHO-PQ-VC,WHO Prequalification (vector control),,prequalified,2018-01-29,"Deltamethrin, Piperonyl Butoxide (PBO)",Vestergaard Sarl,,https://extranet.who.int/prequal/vector-control-products/prequalified-product-list,2026-08-22
006-001,,DuraNet LN (ITN),WHO-PQ-VC,WHO Prequalification (vector control),,prequalified,2017-12-07,Alpha-cypermethrin,Shobikaa Impex Private Limited,,https://extranet.who.int/prequal/vector-control-products/prequalified-product-list,2026-08-22
006-003,,DuraNet Plus (ITN),WHO-PQ-VC,WHO Prequalification (vector control),,prequalified,2020-08-13,"Alpha-cypermethrin, Piperonyl Butoxide (PBO)",Shobikaa Impex Private Limited,,https://extranet.who.int/prequal/vector-control-products/prequalified-product-list,2026-08-22
007-001,,"Pendulum 6 SC (IRS, ITN Self Treatment Kit)",WHO-PQ-VC,WHO Prequalification (vector control),,prequalified,2018-05-03,Alpha-cypermethrin,Gharda Chemicals Limited,,https://extranet.who.int/prequal/vector-control-products/prequalified-product-list,2026-08-22
007-002,,"Pendulum 10 SC (IRS, ITN Self Treatment Kit)",WHO-PQ-VC,WHO Prequalification (vector control),,prequalified,2018-05-03,Alpha-cypermethrin,Gharda Chemicals Limited,,https://extranet.who.int/prequal/vector-control-products/prequalified-product-list,2026-08-22
007-009,,Temeguard (Larvicide),WHO-PQ-VC,WHO Prequalification (vector control),,prequalified,2018-05-03,Temephos,Gharda Chemicals Limited,,https://extranet.who.int/prequal/vector-control-products/prequalified-product-list,2026-08-22
009-001,,MiraNet (ITN),WHO-PQ-VC,WHO Prequalification (vector control),,prequalified,2018-02-21,Alpha-cypermethrin,AtoZ Group Limited,,https://extranet.who.int/prequal/vector-control-products/prequalified-product-list,2026-08-22
011-001,,VectoBac GR (Larvicide),WHO-PQ-VC,WHO Prequalification (vector control),,prequalified,2018-02-19,Bacillus thuringiensis subsp. Israelensis strain AM65-52,Valent BioSciences Corporation,,https://extranet.who.int/prequal/vector-control-products/prequalified-product-list,2026-08-22
011-002,,VectoBac WG (Larvicide),WHO-PQ-VC,WHO Prequalification (vector control),,prequalified,2018-03-13,Bacillus thuringiensis subsp. Israelensis strain AM65-52,Valent BioSciences Corporation,,https://extranet.who.int/prequal/vector-control-products/prequalified-product-list,2026-08-22
011-003,,VectoMax FG (Larvicide),WHO-PQ-VC,WHO Prequalification (vector control),,prequalified,2018-03-13,"Bacillus sphaericus strain ABTS-1743, Bacillus thuringiensis subsp. Israelensis strain AM65-52",Valent BioSciences Corporation,,https://extranet.who.int/prequal/vector-control-products/prequalified-product-list,2026-08-22
012-001,,Actellic 300CS (IRS),WHO-PQ-VC,WHO Prequalification (vector control),,prequalified,2018-01-29,Pirimiphos-methyl,Syngenta Crop Protection AG,,https://extranet.who.int/prequal/vector-control-products/prequalified-product-list,2026-08-22
012-002,,Actellic EC (Larvicide),WHO-PQ-VC,WHO Prequalification (vector control),,prequalified,2018-05-03,Pirimiphos-methyl,Syngenta Crop Protection AG,,https://extranet.who.int/prequal/vector-control-products/prequalified-product-list,2026-08-22
012-003,,ICON 10  CS - IRS (IRS),WHO-PQ-VC,WHO Prequalification (vector control),,prequalified,2018-01-29,Lambda-Cyhalothrin,Syngenta Crop Protection AG,,https://extranet.who.int/prequal/vector-control-products/prequalified-product-list,2026-08-22
012-004,,ICON CS - ITN Kit (ITN Self Treatment Kit),WHO-PQ-VC,WHO Prequalification (vector control),,prequalified,2018-01-29,Lambda-Cyhalothrin,Syngenta Crop Protection AG,,https://extranet.who.int/prequal/vector-control-products/prequalified-product-list,2026-08-22
012-005,,Icon 2.5 EC (Space Spray (indoor)),WHO-PQ-VC,WHO Prequalification (vector control),,prequalified,2018-05-03,Lambda-Cyhalothrin,Syngenta Crop Protection AG,,https://extranet.who.int/prequal/vector-control-products/prequalified-product-list,2026-08-22
012-006,,Icon WP (IRS),WHO-PQ-VC,WHO Prequalification (vector control),,prequalified,2018-05-03,Lambda-Cyhalothrin,Syngenta Crop Protection AG,,https://extranet.who.int/prequal/vector-control-products/prequalified-product-list,2026-08-22
012-007,,Icon 5 EC (Space Spray (indoor)),WHO-PQ-VC,WHO Prequalification (vector control),,prequalified,2018-05-03,Lambda-Cyhalothrin,Syngenta Crop Protection AG,,https://extranet.who.int/prequal/vector-control-products/prequalified-product-list,2026-08-22
014-001,,MAGNet (ITN),WHO-PQ-VC,WHO Prequalification (vector control),,prequalified,2018-02-19,Alpha-cypermethrin,V.K.A. Polymers Pvt. Ltd,,https://extranet.who.int/prequal/vector-control-products/prequalified-product-list,2026-08-22
014-002,,VEERALIN (ITN),WHO-PQ-VC,WHO Prequalification (vector control),,prequalified,2018-01-29,"Alpha-cypermethrin, Piperonyl Butoxide (PBO)",V.K.A. Polymers Pvt. Ltd,,https://extranet.who.int/prequal/vector-control-products/prequalified-product-list,2026-08-22
015-001,,Yahe LN (ITN),WHO-PQ-VC,WHO Prequalification (vector control),,prequalified,2018-02-19,Deltamethrin,Fujian Yamei Industry & Trade Co. Ltd,,https://extranet.who.int/prequal/vector-control-products/prequalified-product-list,2026-08-22
016-001,,Vectron 10EW (ITN Self Treatment Kit),WHO-PQ-VC,WHO Prequalification (vector control),,prequalified,2018-05-03,Etofenprox,"Mitsui Chemicals Crop & Life Solutions, Inc.",,https://extranet.who.int/prequal/vector-control-products/prequalified-product-list,2026-08-22
016-002,,Vectron 20WP (IRS),WHO-PQ-VC,WHO Prequalification (vector control),,prequalified,2018-02-22,Etofenprox,"Mitsui Chemicals Crop & Life Solutions, Inc.",,https://extranet.who.int/prequal/vector-control-products/prequalified-product-list,2026-08-22
018-001,,SafeNet (ITN),WHO-PQ-VC,WHO Prequalification (vector control),,prequalified,2018-02-19,Alpha-cypermethrin,Mainpol GmbH,,https://extranet.who.int/prequal/vector-control-products/prequalified-product-list,2026-08-22
019-001,,Mosquiron 100EC (Larvicide),WHO-PQ-VC,WHO Prequalification (vector control),,prequalified,2018-02-19,Novaluron,Adama Agricultural Solutions Ltd,,https://extranet.who.int/prequal/vector-control-products/prequalified-product-list,2026-08-22
020-001,,Spinosad 7.48% DT (Larvicide),WHO-PQ-VC,WHO Prequalification (vector control),,prequalified,2018-02-28,Spinosad,Clarke International,,https://extranet.who.int/prequal/vector-control-products/prequalified-product-list,2026-08-22
020-002,,Spinosad 20.6% EC (Larvicide),WHO-PQ-VC,WHO Prequalification (vector control),,prequalified,2018-02-28,Spinosad,Clarke International,,https://extranet.who.int/prequal/vector-control-products/prequalified-product-list,2026-08-22
020-003,,Spinosad 25 Extended Release GR (Larvicide),WHO-PQ-VC,WHO Prequalification (vector control),,prequalified,2018-03-23,Spinosad,Clarke International,,https://extranet.who.int/prequal/vector-control-products/prequalified-product-list,2026-08-22
020-004,,Spinosad 0.5% GR (Larvicide),WHO-PQ-VC,WHO Prequalification (vector control),,prequalified,2018-02-28,Spinosad,Clarke International,,https://extranet.who.int/prequal/vector-control-products/prequalified-product-list,2026-08-22
020-005,,Spinosad Monolayer DT (Larvicide),WHO-PQ-VC,WHO Prequalification (vector control),,prequalified,2018-02-28,Spinosad,Clarke International,,https://extranet.who.int/prequal/vector-control-products/prequalified-product-list,2026-08-22
020-006,,"Cielo ULV (Space Spray (indoor), Space Spray (outdoor))",WHO-PQ-VC,WHO Prequalification (vector control),,prequalified,2019-01-22,"Imidacloprid, Prallethrin",Clarke International,,https://extranet.who.int/prequal/vector-control-products/prequalified-product-list,2026-08-22
021-003,,Yorkool G3 LN (ITN),WHO-PQ-VC,WHO Prequalification (vector control),,prequalified,2023-04-18,"Deltamethrin, Piperonyl Butoxide (PBO)","Tianjin Yorkool International Trading Co., Ltd",,https://extranet.who.int/prequal/vector-control-products/prequalified-product-list,2026-08-22
022-001,,MOZKILL 120 SC (Larvicide),WHO-PQ-VC,WHO Prequalification (vector control),,prequalified,2018-02-21,Spinosad,Corteva Agriscience LLC,,https://extranet.who.int/prequal/vector-control-products/prequalified-product-list,2026-08-22
025-001,,Du-Dim 2 DT (Larvicide),WHO-PQ-VC,WHO Prequalification (vector control),,prequalified,2018-05-03,Diflubenzuron,Arysta LifeScience,,https://extranet.who.int/prequal/vector-control-products/prequalified-product-list,2026-08-22
025-002,,Device 25WP (Larvicide),WHO-PQ-VC,WHO Prequalification (vector control),,prequalified,2018-05-03,Diflubenzuron,Arysta LifeScience,,https://extranet.who.int/prequal/vector-control-products/prequalified-product-list,2026-08-22
025-003,,Dimilin GR (Larvicide),WHO-PQ-VC,WHO Prequalification (vector control),,prequalified,2018-05-03,Diflubenzuron,Arysta LifeScience,,https://extranet.who.int/prequal/vector-control-products/prequalified-product-list,2026-08-22
026-001,,Panda Net 2.0 (ITN),WHO-PQ-VC,WHO Prequalification (vector control),,prequalified,2018-05-03,Deltamethrin,Life Ideas Biotechnology Co. Ltd,,https://extranet.who.int/prequal/vector-control-products/prequalified-product-list,2026-08-22
027-001,,Aquatain AMF (Larvicide),WHO-PQ-VC,WHO Prequalification (vector control),,prequalified,2018-12-19,PDMS (Polydimethylsiloxane),Aquatain Products Pty Ltd,,https://extranet.who.int/prequal/vector-control-products/prequalified-product-list,2026-08-22
035-001,,FastM (IRS),WHO-PQ-VC,WHO Prequalification (vector control),,prequalified,2019-09-03,Bendiocarb,Saerfu (Henan) Agrochemical Co. Ltd,,https://extranet.who.int/prequal/vector-control-products/prequalified-product-list,2026-08-22
036-002,,Reliefnet Reverte (ITN),WHO-PQ-VC,WHO Prequalification (vector control),,prequalified,2021-01-25,Deltamethrin,Real Relief Health ApS,,https://extranet.who.int/prequal/vector-control-products/prequalified-product-list,2026-08-22
P-00136,,Sylando 240 SC (IRS),WHO-PQ-VC,WHO Prequalification (vector control),,prequalified,2024-12-05,Chlorfenapyr,BASF AGRO B.V. Arnhem (NL) Freienbach Branch,,https://extranet.who.int/prequal/vector-control-products/prequalified-product-list,2026-08-22
P-00158,,"Aqua K-Othrine (Space Spray (indoor), Space Spray (outdoor))",WHO-PQ-VC,WHO Prequalification (vector control),,prequalified,2018-01-29,Deltamethrin,Envu (Environmental Science U.S. LLC.),,https://extranet.who.int/prequal/vector-control-products/prequalified-product-list,2026-08-22
P-00159,,K-Othrine WG250 (IRS),WHO-PQ-VC,WHO Prequalification (vector control),,prequalified,2018-01-29,Deltamethrin,Envu (Environmental Science U.S. LLC.),,https://extranet.who.int/prequal/vector-control-products/prequalified-product-list,2026-08-22
P-00161,,K-Othrine Polyzone (IRS),WHO-PQ-VC,WHO Prequalification (vector control),,prequalified,2018-01-29,Deltamethrin,Envu (Environmental Science U.S. LLC.),,https://extranet.who.int/prequal/vector-control-products/prequalified-product-list,2026-08-22
P-00162,,Ficam (IRS),WHO-PQ-VC,WHO Prequalification (vector control),,prequalified,2018-04-18,Bendiocarb,Envu (Environmental Science U.S. LLC.),,https://extranet.who.int/prequal/vector-control-products/prequalified-product-list,2026-08-22
P-00163,,Fludora Fusion (IRS),WHO-PQ-VC,WHO Prequalification (vector control),,prequalified,2018-12-13,"Clothianidin, Deltamethrin",Envu (Environmental Science U.S. LLC.),,https://extranet.who.int/prequal/vector-control-products/prequalified-product-list,2026-08-22
P-00164,,"Fludora Co-Max (Space Spray (indoor), Space Spray (outdoor))",WHO-PQ-VC,WHO Prequalification (vector control),,prequalified,2020-10-20,"Flupyradifurone, Transfluthrin",Envu (Environmental Science U.S. LLC.),,https://extranet.who.int/prequal/vector-control-products/prequalified-product-list,2026-08-22
P-00175,,Bistar 10WP (IRS),WHO-PQ-VC,WHO Prequalification (vector control),,prequalified,2018-01-29,Bifenthrin,Envu (Environmental Science U.S. LLC.),,https://extranet.who.int/prequal/vector-control-products/prequalified-product-list,2026-08-22
P-00176,,Fyfanon ULV Mosquito Insecticide (Space Spray (outdoor)),WHO-PQ-VC,WHO Prequalification (vector control),,prequalified,2018-04-18,Malathion,Envu (Environmental Science U.S. LLC.),,https://extranet.who.int/prequal/vector-control-products/prequalified-product-list,2026-08-22
P-00210,,Royal Sentry 2.0 (ITN),WHO-PQ-VC,WHO Prequalification (vector control),,prequalified,2019-02-06,Alpha-cypermethrin,Mainpol GmbH,,https://extranet.who.int/prequal/vector-control-products/prequalified-product-list,2026-08-22
P-00211,,Royal Guard (ITN),WHO-PQ-VC,WHO Prequalification (vector control),,prequalified,2019-03-29,"Alpha-cypermethrin, Pyriproxyfen",Mainpol GmbH,,https://extranet.who.int/prequal/vector-control-products/prequalified-product-list,2026-08-22
P-00223,,Tsara Boost (ITN),WHO-PQ-VC,WHO Prequalification (vector control),,prequalified,2018-01-29,"Deltamethrin, Piperonyl Butoxide (PBO)",PPP Hollandi DMCC,,https://extranet.who.int/prequal/vector-control-products/prequalified-product-list,2026-08-22
P-00225,,Tsara Soft (ITN),WHO-PQ-VC,WHO Prequalification (vector control),,prequalified,2020-10-09,Deltamethrin,PPP Hollandi DMCC,,https://extranet.who.int/prequal/vector-control-products/prequalified-product-list,2026-08-22
P-00226,,Tsara Plus (ITN),WHO-PQ-VC,WHO Prequalification (vector control),,prequalified,2018-01-29,"Deltamethrin, Piperonyl Butoxide (PBO)",PPP Hollandi DMCC,,https://extranet.who.int/prequal/vector-control-products/prequalified-product-list,2026-08-22
P-00250,,Fyfanon EW Insecticide (Space Spray (outdoor)),WHO-PQ-VC,WHO Prequalification (vector control),,prequalified,2018-04-18,Malathion,Envu (Environmental Science U.S. LLC.),,https://extranet.who.int/prequal/vector-control-products/prequalified-product-list,2026-08-22
P-00320,,GreenNet (ITN),WHO-PQ-VC,WHO Prequalification (vector control),,prequalified,2024-08-16,Deltamethrin,Shobikaa Impex Private Limited,,https://extranet.who.int/prequal/vector-control-products/prequalified-product-list,2026-08-22
P-03226,,VECTRON T500 (IRS),WHO-PQ-VC,WHO Prequalification (vector control),,prequalified,2023-03-11,Broflanilide,"Mitsui Chemicals Crop & Life Solutions, Inc.",,https://extranet.who.int/prequal/vector-control-products/prequalified-product-list,2026-08-22
P-03228,,PermaNet Dual (ITN),WHO-PQ-VC,WHO Prequalification (vector control),,prequalified,2023-03-17,"Chlorfenapyr, Deltamethrin",Vestergaard Sarl,,https://extranet.who.int/prequal/vector-control-products/prequalified-product-list,2026-08-22
P-04983,,YAHE 4.0 (ITN),WHO-PQ-VC,WHO Prequalification (vector control),,prequalified,2024-11-11,"Alpha-cypermethrin, Piperonyl Butoxide (PBO)",Fujian Yamei Industry & Trade Co. Ltd,,https://extranet.who.int/prequal/vector-control-products/prequalified-product-list,2026-08-22
P-09284,,SAFENET PLUS (ITN),WHO-PQ-VC,WHO Prequalification (vector control),,prequalified,2024-01-09,"Alpha-cypermethrin, Piperonyl Butoxide (PBO)",Mainpol GmbH,,https://extranet.who.int/prequal/vector-control-products/prequalified-product-list,2026-08-22
P-09306,,Lambda-cyhalothrin 10% WP (IRS),WHO-PQ-VC,WHO Prequalification (vector control),,prequalified,2024-06-27,Lambda-Cyhalothrin,BR AGROTECH LIMITED,,https://extranet.who.int/prequal/vector-control-products/prequalified-product-list,2026-08-22
P-11568,,SOVRENTA 15WP (IRS),WHO-PQ-VC,WHO Prequalification (vector control),,prequalified,2025-04-11,Isocycloseram,Syngenta Crop Protection AG,,https://extranet.who.int/prequal/vector-control-products/prequalified-product-list,2026-08-22
P-11637,,"Optica ULV (Space Spray (indoor), Space Spray (outdoor))",WHO-PQ-VC,WHO Prequalification (vector control),,prequalified,2025-05-30,Broflanilide,Clarke International,,https://extranet.who.int/prequal/vector-control-products/prequalified-product-list,2026-08-22
P-11664,,Yorkool G1 LN (ITN),WHO-PQ-VC,WHO Prequalification (vector control),,prequalified,2024-04-17,Deltamethrin,"Tianjin Yorkool International Trading Co., Ltd",,https://extranet.who.int/prequal/vector-control-products/prequalified-product-list,2026-08-22
P-12406,,PRONet Duo (ITN),WHO-PQ-VC,WHO Prequalification (vector control),,prequalified,2025-03-12,"Bifenthrin, Chlorfenapyr",V.K.A. Polymers Pvt. Ltd,,https://extranet.who.int/prequal/vector-control-products/prequalified-product-list,2026-08-22
P-12507,,Yorkool G5 LN (ITN),WHO-PQ-VC,WHO Prequalification (vector control),,prequalified,2024-09-16,"Alpha-cypermethrin, Chlorfenapyr","Tianjin Yorkool International Trading Co., Ltd",,https://extranet.who.int/prequal/vector-control-products/prequalified-product-list,2026-08-22
P-12643,emanators,SC Johnson Guardian (Spatial Emanator),WHO-PQ-VC,WHO Prequalification (vector control),,prequalified,2025-08-13,Transfluthrin,SC Johnson,,https://extranet.who.int/prequal/vector-control-products/prequalified-product-list,2026-08-22
P-13215,,Synera DuoForte (ITN),WHO-PQ-VC,WHO Prequalification (vector control),,prequalified,2026-02-25,"Alpha-cypermethrin, Chlorfenapyr",GDM Health Products Ltd,,https://extranet.who.int/prequal/vector-control-products/prequalified-product-list,2026-08-22
P-13227,,UNET G1 LN (ITN),WHO-PQ-VC,WHO Prequalification (vector control),,prequalified,2025-03-19,Deltamethrin,Sino Africa Medical Devices Company Ltd,,https://extranet.who.int/prequal/vector-control-products/prequalified-product-list,2026-08-22
P-13228,,UNET G3 LN (ITN),WHO-PQ-VC,WHO Prequalification (vector control),,prequalified,2025-03-19,"Deltamethrin, Piperonyl Butoxide (PBO)",Sino Africa Medical Devices Company Ltd,,https://extranet.who.int/prequal/vector-control-products/prequalified-product-list,2026-08-22
P-13229,,UNET G5 LN (ITN),WHO-PQ-VC,WHO Prequalification (vector control),,prequalified,2025-03-19,"Alpha-cypermethrin, Chlorfenapyr",Sino Africa Medical Devices Company Ltd,,https://extranet.who.int/prequal/vector-control-products/prequalified-product-list,2026-08-22
P-13380,emanators,SC Johnson Mosquito Shield (Spatial Emanator),WHO-PQ-VC,WHO Prequalification (vector control),,prequalified,2025-08-13,Transfluthrin,SC Johnson,,https://extranet.who.int/prequal/vector-control-products/prequalified-product-list,2026-08-22
P-13409,,Yorkool G1 Recycled LN (ITN),WHO-PQ-VC,WHO Prequalification (vector control),,prequalified,2025-12-02,Deltamethrin,"Tianjin Yorkool International Trading Co., Ltd",,https://extranet.who.int/prequal/vector-control-products/prequalified-product-list,2026-08-22
