productId,nctId,briefTitle,phase,studyType,overallStatus,leadSponsor,enrollment,startDate,primaryCompletionDate,completionDate,lastUpdatePostDate,hasResults,sourceUrl,retrievedDate
alaq,NCT00119145,Kintampo Trial of Combination Therapy for Malaria,PHASE4,INTERVENTIONAL,COMPLETED,London School of Hygiene and Tropical Medicine,510,2005-06,,2006-05,2017-01-12,false,https://clinicaltrials.gov/study/NCT00119145,2026-08-31
alaq,NCT00123552,Longitudinal Antimalarial Combinations in Uganda,PHASE3,INTERVENTIONAL,COMPLETED,"University of California, San Francisco",601,2004-11,2006-06,2008-12,2020-06-09,false,https://clinicaltrials.gov/study/NCT00123552,2026-08-31
alaq,NCT00127998,Antimalarial Drug Resistance in Mali,NA,INTERVENTIONAL,COMPLETED,Centers for Disease Control and Prevention,1011,2005-07,,,2006-08-16,false,https://clinicaltrials.gov/study/NCT00127998,2026-08-31
alaq,NCT00157885,"A Randomised Trial of Artekin and Artesunate & Amodiaquine for Uncomplicated Malaria in Timika, Papua, Indonesia.",NA,INTERVENTIONAL,COMPLETED,Menzies School of Health Research,400,2005-07,,2005-12,2006-06-26,false,https://clinicaltrials.gov/study/NCT00157885,2026-08-31
alaq,NCT00164710,Assessing the Efficacy of Four Drug Combinations as the Next First-line Therapy for Uncomplicated Malaria in Malawi,PHASE4,INTERVENTIONAL,COMPLETED,Centers for Disease Control and Prevention,365,2005-04,2005-09,2005-09,2012-09-27,false,https://clinicaltrials.gov/study/NCT00164710,2026-08-31
alaq,NCT00297882,Artemisinin-Based Combination Therapy: Clinical Trials in Cameroon,PHASE3,INTERVENTIONAL,COMPLETED,London School of Hygiene and Tropical Medicine,816,2006-07,2009-04,2009-07,2021-06-08,true,https://clinicaltrials.gov/study/NCT00297882,2026-08-31
alaq,NCT00316329,ATAQ EASY: Artesunate + Amodiaquine Fixed Dose Combination in the Treatment of Uncomplicated Plasmodium Falciparum Malaria,PHASE3,INTERVENTIONAL,COMPLETED,Sanofi,1032,2006-03,,,2008-04-22,false,https://clinicaltrials.gov/study/NCT00316329,2026-08-31
alaq,NCT00374205,Randomized Trial on Effectiveness of ACTs in Ghana,PHASE4,INTERVENTIONAL,TERMINATED,Bernhard Nocht Institute for Tropical Medicine,245,2006-09,,2007-10,2007-11-27,false,https://clinicaltrials.gov/study/NCT00374205,2026-08-31
alaq,NCT00393679,Evaluation of 4 Artemisinin-based Combinations for Treating Uncomplicated Malaria in African Children,PHASE3,INTERVENTIONAL,COMPLETED,"Institute of Tropical Medicine, Belgium",4112,2007-07,2009-12,2009-12,2014-02-03,false,https://clinicaltrials.gov/study/NCT00393679,2026-08-31
alaq,NCT00406146,Amodiaquine+Artesunate vs. Artemether-Lumefantrine for Uncomplicated Malaria in Ghanaian Children,PHASE3,INTERVENTIONAL,UNKNOWN,University of Ghana Medical School,,2004-10,,2006-12,2006-12-04,false,https://clinicaltrials.gov/study/NCT00406146,2026-08-31
alaq,NCT00460369,Treatment of Uncomplicated Malaria in Benin,NA,INTERVENTIONAL,COMPLETED,Institut de Recherche pour le Developpement,240,2007-04,2007-11,2007-11,2008-04-14,false,https://clinicaltrials.gov/study/NCT00460369,2026-08-31
alaq,NCT00540410,Cohort Study in Senegal Comparing Artesunate + Amiodaquine in the Treatment of Repeated Uncomplicated Plasmodium Falciparum Malaria Attacks,PHASE4,INTERVENTIONAL,COMPLETED,Sanofi,366,2007-09,2009-02,2009-02,2010-06-23,false,https://clinicaltrials.gov/study/NCT00540410,2026-08-31
alaq,NCT00697892,Pharmacokinetic Interactions Between Antiretroviral Agents and Antimalarial Drug Combinations,PHASE1,INTERVENTIONAL,COMPLETED,Fran Aweeka,38,2005-07,2008-12,2010-12,2013-06-06,false,https://clinicaltrials.gov/study/NCT00697892,2026-08-31
alaq,NCT00720811,Assessment of Use of Rapid Diagnostic Testing in the Context of Home Management With ACTs,NA,INTERVENTIONAL,COMPLETED,Mbarara University of Science and Technology,6456,2009-10,2012-01,2012-01,2012-03-16,false,https://clinicaltrials.gov/study/NCT00720811,2026-08-31
alaq,NCT00808951,In Vivo and in Vitro Efficacy of Antimalarial Treatments in Children in Burkina Faso,PHASE4,INTERVENTIONAL,COMPLETED,Centre Muraz,440,2008-12,2010-10,2011-02,2015-08-03,false,https://clinicaltrials.gov/study/NCT00808951,2026-08-31
alaq,NCT00852423,Safe and Efficacious Artemisinin-based Combination Treatments for African Pregnant Women With Malaria,PHASE3,INTERVENTIONAL,COMPLETED,"Institute of Tropical Medicine, Belgium",3428,2010-06,2013-10,2015-04,2016-03-14,false,https://clinicaltrials.gov/study/NCT00852423,2026-08-31
alaq,NCT00878007,Impact of Malaria Prevention on Health and Education in Kenyan Schoolchildren,NA,INTERVENTIONAL,COMPLETED,London School of Hygiene and Tropical Medicine,5177,2010-01,2012-04,2012-04,2014-02-17,false,https://clinicaltrials.gov/study/NCT00878007,2026-08-31
alaq,NCT00902811,Effectiveness of Artemisinin Combination Regimens in Falciparum Malaria,PHASE4,INTERVENTIONAL,UNKNOWN,"Medecins Sans Frontieres, Netherlands",600,2008-12,2009-10,2009-12,2009-05-15,false,https://clinicaltrials.gov/study/NCT00902811,2026-08-31
alaq,NCT01017770,Artemether-lumefantrine (AL) Versus Artesunate + Amodiaquine (ASAQ) for the Treatment of Uncomplicated Falciparum Malaria in Burkina Faso,PHASE4,INTERVENTIONAL,COMPLETED,Centre Muraz,340,2008-09,2010-01,2010-08,2015-07-31,false,https://clinicaltrials.gov/study/NCT01017770,2026-08-31
alaq,NCT01152931,Antioxidant Micronutrients in Malaria,PHASE3,INTERVENTIONAL,COMPLETED,"University of Lagos, Nigeria",10,2010-08,2010-11,2010-12,2012-05-31,false,https://clinicaltrials.gov/study/NCT01152931,2026-08-31
alaq,NCT01326754,"Efficacy of Artemether-lumefantrine, Artesunate-amodiaquine and Dihydroartemisinin-piperaquine for the Treatment of Uncomplicated Plasmodium Falciparum Malaria in Malawi",NA,INTERVENTIONAL,COMPLETED,Centers for Disease Control and Prevention,498,2011-08,2012-06,2012-06,2013-02-25,false,https://clinicaltrials.gov/study/NCT01326754,2026-08-31
alaq,NCT01350856,Tracking Resistance to Artemisinin (TRAC),PHASE4,INTERVENTIONAL,COMPLETED,University of Oxford,1700,2011-05,2014-04,2014-12,2015-06-01,false,https://clinicaltrials.gov/study/NCT01350856,2026-08-31
alaq,NCT01374581,Impact of Artemisinin-based Combination Therapy and Quinine on Treatment Failure and Resistance in Uncomplicated Malaria,PHASE3,INTERVENTIONAL,COMPLETED,Universiteit Antwerpen,2117,2012-05,2014-06,2014-06,2014-10-22,false,https://clinicaltrials.gov/study/NCT01374581,2026-08-31
alaq,NCT01449045,Trial of Malaria Seasonal IPTc Combined With Community Case Management,PHASE3,INTERVENTIONAL,COMPLETED,"Cheikh Anta Diop University, Senegal",4554,2011-07,2011-12,2012-02,2012-04-26,false,https://clinicaltrials.gov/study/NCT01449045,2026-08-31
alaq,NCT01567423,Efficacy Study of Amodiaquine-Artesunate and Artemether-Lumefantrine for the Treatment of Uncomplicated Malaria,NA,INTERVENTIONAL,COMPLETED,Epicentre,301,2008-04,2009-04,2009-04,2012-03-30,false,https://clinicaltrials.gov/study/NCT01567423,2026-08-31
alaq,NCT01651416,Seasonal Malaria Chemoprevention Versus Home Management of Malaria in Children Under 5 Years in Ghana,PHASE4,INTERVENTIONAL,COMPLETED,"Centre for Global Health Research, Ghana",2400,2012-07,2012-12,2013-07,2015-09-18,false,https://clinicaltrials.gov/study/NCT01651416,2026-08-31
alaq,NCT01697787,Amodiaquine-Artesunate & Artemether-Lumefantrine Efficacy in Burkina Faso,PHASE4,INTERVENTIONAL,COMPLETED,Centre Muraz,150,2012-10,2014-09,2014-09,2015-07-31,false,https://clinicaltrials.gov/study/NCT01697787,2026-08-31
alaq,NCT01755559,Efficacy of Three ACTs for the Treatment of Falciparum Malaria in Maradi Niger,PHASE4,INTERVENTIONAL,COMPLETED,Epicentre,663,2013-06,2014-11,2014-11,2015-11-30,false,https://clinicaltrials.gov/study/NCT01755559,2026-08-31
alaq,NCT01845701,Artemisinin-Based Antimalarial Combinations and Clinical Response in Cameroon,PHASE3,INTERVENTIONAL,COMPLETED,University of Yaounde 1,720,2010-03,2014-04,2015-04,2018-09-26,false,https://clinicaltrials.gov/study/NCT01845701,2026-08-31
alaq,NCT01967472,Adherence to Antimalarial Drugs in Sierra Leone,NA,INTERVENTIONAL,COMPLETED,London School of Hygiene and Tropical Medicine,1145,2013-09-16,2013-12,2014-01,2018-01-11,false,https://clinicaltrials.gov/study/NCT01967472,2026-08-31
alaq,NCT02168569,In Vivo Efficacy of Artemether-lumefantrine and Amodiaquine-artesunate in Mozambican Children,PHASE4,INTERVENTIONAL,COMPLETED,Centro de Investigacao em Saude de Manhica,700,2011-06,2012-01,2013-01,2014-06-20,false,https://clinicaltrials.gov/study/NCT02168569,2026-08-31
alaq,NCT02242799,Dolutegravir Interactions With Artemisinin-based Combination Therapies,PHASE1,INTERVENTIONAL,COMPLETED,University of Liverpool,46,2015-06,2016-09,2016-09,2016-10-05,false,https://clinicaltrials.gov/study/NCT02242799,2026-08-31
alaq,NCT02453308,A Study by the Tracking Resistance to Artemisinin Collaboration (TRAC),PHASE2|PHASE3,INTERVENTIONAL,COMPLETED,University of Oxford,1110,2015-08,2018-03,2018-03,2018-05-09,false,https://clinicaltrials.gov/study/NCT02453308,2026-08-31
alaq,NCT02627456,"Safety, Immunogenicity, and Protective Efficacy of Radiation Attenuated Plasmodium Falciparum NF54 Sporozoites in Healthy African Adults in Mali",PHASE1,INTERVENTIONAL,COMPLETED,National Institute of Allergy and Infectious Diseases (NIAID),409,2015-12-09,2018-03-31,2018-07-03,2021-04-21,false,https://clinicaltrials.gov/study/NCT02627456,2026-08-31
alaq,NCT02637128,In Vivo Efficacy of Artemether-Lumefantrine and Artesunate-Amodiaquine for Uncomplicated P. Falciparum Malaria,PHASE4,INTERVENTIONAL,COMPLETED,Centers for Disease Control and Prevention,452,2014-03,2014-07,2014-07,2015-12-22,false,https://clinicaltrials.gov/study/NCT02637128,2026-08-31
alaq,NCT02696954,"Study of Artemether-lumefantrine, Amodiaquine and Primaquine in Healthy Subjects",PHASE1|PHASE2,INTERVENTIONAL,TERMINATED,University of Oxford,17,2016-11-18,2019-03,2019-03,2019-06-28,false,https://clinicaltrials.gov/study/NCT02696954,2026-08-31
alaq,NCT02741024,"Efficacy of Artesunate-amodiaquine and Artemether-lumefantrine for Uncomplicated Malaria in South Kivu, DR Congo",PHASE4,INTERVENTIONAL,COMPLETED,"Medecins Sans Frontieres, Netherlands",288,2013-10,2014-12,2014-12,2016-04-18,false,https://clinicaltrials.gov/study/NCT02741024,2026-08-31
alaq,NCT02940756,Efficacy and Safety of Artemisinin-based Combination Treatments in the Democratic Republic of the Congo,PHASE4,INTERVENTIONAL,COMPLETED,"Ministry of Public Health, Democratic Republic of the Congo",1615,2017-03-15,2018-01-02,2018-01-02,2018-01-03,false,https://clinicaltrials.gov/study/NCT02940756,2026-08-31
alaq,NCT03355664,Study to Compare the Triple ACT AL+AQ With the ACT AL in Cambodia and Vietnam,PHASE3,INTERVENTIONAL,COMPLETED,University of Oxford,310,2018-03-19,2020-03-04,2020-03-04,2022-07-15,true,https://clinicaltrials.gov/study/NCT03355664,2026-08-31
alaq,NCT03764527,Tolerability and Efficacy of Artemether-Lumefantrine Versus Artesunate + Amodiaquine in Zanzibar,PHASE4,INTERVENTIONAL,COMPLETED,Professor Anders Björkman,408,2002-11-01,2003-02-17,2003-02-17,2018-12-06,false,https://clinicaltrials.gov/study/NCT03764527,2026-08-31
alaq,NCT03768908,"Efficacy of Artesunate + Amodiaquine Versus Artemether-lumefantrine for Falciparum Malaria in Zanzibar, 2005",PHASE4,INTERVENTIONAL,COMPLETED,Professor Anders Björkman,359,2005-01-05,2005-07-11,2005-07-11,2018-12-07,false,https://clinicaltrials.gov/study/NCT03768908,2026-08-31
alaq,NCT03923725,"A Trial to Compare the Efficacy, Safety and Tolerability of Combinations of 3 Anti-malarial Drugs Against Combina-tions of 2 Anti-malarial Drugs.",PHASE3,INTERVENTIONAL,COMPLETED,University of Oxford,2583,2020-09-01,2024-03-15,2024-03-15,2025-11-18,false,https://clinicaltrials.gov/study/NCT03923725,2026-08-31
alaq,NCT03939104,"A Trial to Compare the Efficacy, Safety and Tolerability of Combinations of 3 Anti-malarial Drugs Against Combinations of 2 Anti-malarial Drugs (Asia)",PHASE3,INTERVENTIONAL,COMPLETED,University of Oxford,103,2021-06-30,2023-01-06,2023-01-28,2024-03-20,false,https://clinicaltrials.gov/study/NCT03939104,2026-08-31
alaq,NCT04080895,Pharmacokinetic Study of Artemether-lumefantrine and Amodiaquine in Healthy Subjects,PHASE1,INTERVENTIONAL,TERMINATED,University of Oxford,8,2022-11-01,2025-04-01,2025-04-01,2026-01-12,false,https://clinicaltrials.gov/study/NCT04080895,2026-08-31
alaq,NCT04370977,In Vivo Efficacy of Artemether-lumefantrine and Amodiaquine-artesunate in Mozambican Children (MEFI_III),PHASE4,INTERVENTIONAL,COMPLETED,Centro de Investigacao em Saude de Manhica,630,2018-03-21,2018-09-29,2019-12-19,2020-05-01,false,https://clinicaltrials.gov/study/NCT04370977,2026-08-31
alaq,NCT04565184,Effectiveness and Safety of Artesunate-Amodiaquine and Artemether-Lumefantrine for the Treatment of Malaria in Yaounde,PHASE4,INTERVENTIONAL,COMPLETED,University of Yaounde 1,242,2019-05-09,2020-11-30,2020-11-30,2021-04-02,false,https://clinicaltrials.gov/study/NCT04565184,2026-08-31
alaq,NCT04618523,Safety and Efficacy of Recommended Antimalarial in the Democratic Republic of the Congo,PHASE4,INTERVENTIONAL,COMPLETED,"Ministry of Public Health, Democratic Republic of the Congo",1117,2020-10-26,2022-02-08,2022-02-08,2022-02-09,false,https://clinicaltrials.gov/study/NCT04618523,2026-08-31
alaq,NCT04829695,Efficacy and Safety of Artesunate-amodiaquine and Artemether-lumefantrine for the Treatment of Malaria in Cameroon,PHASE4,INTERVENTIONAL,UNKNOWN,University of Yaounde 1,184,2021-04-05,2021-12-31,2021-12-31,2021-04-02,false,https://clinicaltrials.gov/study/NCT04829695,2026-08-31
alaq,NCT04877626,"Assessment of the Therapeutic Efficacy and Tolerability of the Artesunate/Amodiaquina Combination and Artemether/Lumefantrine Combination, Treatment of Uncomplicated P. Falciparum Malaria in the Department of Chocó (Colombia)",PHASE4,INTERVENTIONAL,COMPLETED,Universidad Nacional de Colombia,210,2008-09,2009-10,2009-12,2021-05-07,false,https://clinicaltrials.gov/study/NCT04877626,2026-08-31
alaq,NCT05081089,Gametocytocidal and Transmission-blocking Efficacy of PQ in Combination With AL and TQ in Combination With SPAQ in Mali,PHASE2,INTERVENTIONAL,COMPLETED,London School of Hygiene and Tropical Medicine,80,2021-10-12,2021-12-16,2022-01-13,2022-01-18,false,https://clinicaltrials.gov/study/NCT05081089,2026-08-31
alaq,NCT05343312,"In Vivo Efficacy of Artemether-Lumefantrine, Amodiaquine-Artesunate, Dihydroartemisinin-Piperaquine, and Pironaridine-Artesunate in Mozambique",PHASE4,INTERVENTIONAL,COMPLETED,Centro de Investigacao em Saude de Manhica,870,2022-03-16,2023-09-30,2025-07-30,2025-08-27,false,https://clinicaltrials.gov/study/NCT05343312,2026-08-31
alaq,NCT05550909,Gametocytocidal and Transmission-blocking Efficacy of ASAQ and ALAQ With or Without PQ in Mali,PHASE2,INTERVENTIONAL,COMPLETED,London School of Hygiene and Tropical Medicine,100,2022-10-17,2022-12-30,2023-01-26,2024-10-01,false,https://clinicaltrials.gov/study/NCT05550909,2026-08-31
alaq,NCT05764746,Triple Artemisinin-based Combination Therapy for Delaying Drug Resistance Development - a Randomized Clinical Trial,PHASE2|PHASE3,INTERVENTIONAL,COMPLETED,Muhimbili University of Health and Allied Sciences,384,2023-05-01,2024-12-30,2025-01-01,2026-07-28,false,https://clinicaltrials.gov/study/NCT05764746,2026-08-31
alaq,NCT05951595,A Study to Find Out if a Combination of 3 Medicines for the Treatment of Malaria Works as Well and is as Safe and Tolerable as Combinations of 2 Medicines,PHASE3,INTERVENTIONAL,RECRUITING,University of Oxford,1680,2025-09-11,2026-07-31,2026-07-31,2025-11-18,false,https://clinicaltrials.gov/study/NCT05951595,2026-08-31
alaq,NCT06076213,Test Efficacy Study on the Recommended Antimalarial Drugs in the Democratic Republic of the Congo,PHASE4,INTERVENTIONAL,COMPLETED,"Ministry of Public Health, Democratic Republic of the Congo",1260,2023-05-01,2024-09-24,2024-09-30,2024-11-05,false,https://clinicaltrials.gov/study/NCT06076213,2026-08-31
alaq,NCT06300970,Efficacy of Artesunate-amodiaquine and Artemether-lumefantrine for Treatment of Plasmodium Falciparum Malaria in Liberia,PHASE4,INTERVENTIONAL,COMPLETED,Centers for Disease Control and Prevention,352,2022-08-09,2023-08-16,2023-08-16,2024-05-07,false,https://clinicaltrials.gov/study/NCT06300970,2026-08-31
alaq,NCT06967519,OPTImizing Malaria And HIV Treatment in a Shifting Landscape in Africa,PHASE4,INTERVENTIONAL,RECRUITING,Yale University,380,2025-12-18,2027-12,2027-12,2026-02-04,false,https://clinicaltrials.gov/study/NCT06967519,2026-08-31
alaq,NCT07362498,Health Systems Implementation and Molecular Surveillance of Multiple First-Line Treatments for Uncomplicated Malaria in Western Kenya,,OBSERVATIONAL,COMPLETED,Strathmore University,316,2020-06-01,2024-01-31,2024-01-31,2026-01-23,false,https://clinicaltrials.gov/study/NCT07362498,2026-08-31
dhappq,NCT00373607,Efficacy and Safety of Dihydroartemisinin/Piperaquine (Artekin®) for the Treatment of Uncomplicated Malaria in Peru,PHASE3,INTERVENTIONAL,COMPLETED,"Institute of Tropical Medicine, Belgium",522,2003-07,2005-07,2005-07,2010-09-14,false,https://clinicaltrials.gov/study/NCT00373607,2026-08-31
dhappq,NCT00393679,Evaluation of 4 Artemisinin-based Combinations for Treating Uncomplicated Malaria in African Children,PHASE3,INTERVENTIONAL,COMPLETED,"Institute of Tropical Medicine, Belgium",4112,2007-07,2009-12,2009-12,2014-02-03,false,https://clinicaltrials.gov/study/NCT00393679,2026-08-31
dhappq,NCT00527800,Interactions Between HIV and Malaria in African Children,PHASE3,INTERVENTIONAL,COMPLETED,"University of California, San Francisco",351,2007-08,2013-03,2013-03,2013-10-11,false,https://clinicaltrials.gov/study/NCT00527800,2026-08-31
dhappq,NCT00529620,Three Alternative Drug Regimens for Malaria Seasonal Preventive Treatment in Senegal,PHASE3,INTERVENTIONAL,COMPLETED,London School of Hygiene and Tropical Medicine,1833,2007-09,2007-12,2007-12,2010-05-27,false,https://clinicaltrials.gov/study/NCT00529620,2026-08-31
dhappq,NCT00682578,A Comparative Study of Artekin With Standard Malarial Treatment Regimes in Afghanistan,PHASE3,INTERVENTIONAL,COMPLETED,University of Oxford,1086,2007-07,2010-02,2010-02,2018-05-09,false,https://clinicaltrials.gov/study/NCT00682578,2026-08-31
dhappq,NCT00845533,Pharmacokinetics of Dihydroartemisinin-Piperaquine in the Treatment of Uncomplicated Malaria in Children in Burkina Faso,PHASE4,INTERVENTIONAL,COMPLETED,"University of California, San Francisco",,2007-08,2007-12,2009-01,2014-01-16,false,https://clinicaltrials.gov/study/NCT00845533,2026-08-31
dhappq,NCT00852371,Intermittent Preventive Treatment of Malaria in Schoolchildren,PHASE3,INTERVENTIONAL,COMPLETED,London School of Hygiene and Tropical Medicine,780,2008-02,2008-06,2008-06,2024-03-21,true,https://clinicaltrials.gov/study/NCT00852371,2026-08-31
dhappq,NCT00852423,Safe and Efficacious Artemisinin-based Combination Treatments for African Pregnant Women With Malaria,PHASE3,INTERVENTIONAL,COMPLETED,"Institute of Tropical Medicine, Belgium",3428,2010-06,2013-10,2015-04,2016-03-14,false,https://clinicaltrials.gov/study/NCT00852423,2026-08-31
dhappq,NCT00868465,Treatment Efficacy and Malaria TRANSmission After Artemisinin Combination Therapy (TRANSACT),NA,INTERVENTIONAL,COMPLETED,Radboud University Medical Center,600,2009-04,2010-05,2010-05,2010-06-07,false,https://clinicaltrials.gov/study/NCT00868465,2026-08-31
dhappq,NCT00941785,Dihydroartemisinin (DHA)-Piperaquine for IPT to Prevent Malaria in Children in Burkina Faso,PHASE2|PHASE3,INTERVENTIONAL,COMPLETED,London School of Hygiene and Tropical Medicine,1500,2009-07,2009-12,2009-12,2011-03-21,false,https://clinicaltrials.gov/study/NCT00941785,2026-08-31
dhappq,NCT00948896,Chemopreventive Therapy for Malaria in Ugandan Children,PHASE3,INTERVENTIONAL,COMPLETED,"University of California, San Francisco",600,2010-06,2014-04,2014-04,2015-11-24,true,https://clinicaltrials.gov/study/NCT00948896,2026-08-31
dhappq,NCT01038063,Safety and Effectiveness of Artemisinin-based Combination Therapies (ACTs) With Repeated Treatments for Uncomplicated Falciparum Malaria Over a Three-year Period,PHASE4,INTERVENTIONAL,UNKNOWN,Liverpool School of Tropical Medicine,1200,2010-10,2013-09,2013-09,2010-12-09,false,https://clinicaltrials.gov/study/NCT01038063,2026-08-31
dhappq,NCT01054248,Randomised Trial of 3 Artemisinin Combination Therapy for Malaria in Pregnancy,PHASE3,INTERVENTIONAL,COMPLETED,University of Oxford,511,2010-02-16,2016-09,2016-09,2022-03-25,false,https://clinicaltrials.gov/study/NCT01054248,2026-08-31
dhappq,NCT01075945,Dihydroartemisinin- Piperaquine Versus Artemether- Lumefantrine in the Treatment Uncomplicated Plasmodium Falciparum Malaria in Sudan,PHASE4,INTERVENTIONAL,UNKNOWN,University of Khartoum,140,2010-02,2010-04,2010-04,2010-02-25,false,https://clinicaltrials.gov/study/NCT01075945,2026-08-31
dhappq,NCT01082705,Assessing the Efficacy of Artemisinin Combination Therapies for Treatment of Uncomplicated Malaria Infection in Children,PHASE3,INTERVENTIONAL,COMPLETED,Centers for Disease Control and Prevention,323,2010-04,2011-06,2011-06,2012-01-31,false,https://clinicaltrials.gov/study/NCT01082705,2026-08-31
dhappq,NCT01103830,Safety Study on the Effect of Eurartesim™ on QT/QTc Interval Compared to Riamet in Healthy Volunteers,PHASE1,INTERVENTIONAL,COMPLETED,sigma-tau i.f.r. S.p.A.,287,2010-02,2010-08,2010-12,2011-06-17,false,https://clinicaltrials.gov/study/NCT01103830,2026-08-31
dhappq,NCT01165372,"Study of Malaria Treatment at Phuoc Long Hospital, Binh Phuoc Province, Vietnam",PHASE2,INTERVENTIONAL,COMPLETED,"Oxford University Clinical Research Unit, Vietnam",166,2010-08,2011-05,2011-05,2011-09-15,false,https://clinicaltrials.gov/study/NCT01165372,2026-08-31
dhappq,NCT01222949,A Pharmacokinetic (PK) Trial in Healthy Asian and Caucasian Volunteers Investigating the PK Profile of Eurartesim™,PHASE1,INTERVENTIONAL,COMPLETED,sigma-tau i.f.r. S.p.A.,80,2010-02,2010-07,2010-08,2010-10-18,false,https://clinicaltrials.gov/study/NCT01222949,2026-08-31
dhappq,NCT01222962,Food Interaction Study on the Pharmacokinetics of Eurartesim™ (DHA and PQP)in Healthy Male Adult Volunteers,PHASE1,INTERVENTIONAL,COMPLETED,sigma-tau i.f.r. S.p.A.,37,2010-03,2010-05,2010-06,2010-10-18,false,https://clinicaltrials.gov/study/NCT01222962,2026-08-31
dhappq,NCT01231113,"Efficacy,Safety and Tolerability of Dihydroartemisinin-Piperaquine for Uncomplicated Malaria in Pregnancy in Ghana",PHASE3,INTERVENTIONAL,COMPLETED,Kwame Nkrumah University of Science and Technology,417,2011-07,2012-12,2013-02,2016-02-24,false,https://clinicaltrials.gov/study/NCT01231113,2026-08-31
dhappq,NCT01231880,School Based Malaria Control in Ugandan Schoolchildren,PHASE3,INTERVENTIONAL,COMPLETED,Makerere University,740,2011-02,2012-09,2012-09,2013-05-23,false,https://clinicaltrials.gov/study/NCT01231880,2026-08-31
dhappq,NCT01280162,Malaria Active Epidemiology and Treatment Study,NA,INTERVENTIONAL,COMPLETED,"Armed Forces Research Institute of Medical Sciences, Thailand",222,2010-09,2011-02,2012-12,2021-03-03,false,https://clinicaltrials.gov/study/NCT01280162,2026-08-31
dhappq,NCT01288820,Study of ACTs Plus Primaquine for Uncomplicated Plasmodium Vivax Malaria,PHASE3,INTERVENTIONAL,COMPLETED,University of Oxford,331,2011-01,2012-04,2012-04,2013-08-29,false,https://clinicaltrials.gov/study/NCT01288820,2026-08-31
dhappq,NCT01326754,"Efficacy of Artemether-lumefantrine, Artesunate-amodiaquine and Dihydroartemisinin-piperaquine for the Treatment of Uncomplicated Plasmodium Falciparum Malaria in Malawi",NA,INTERVENTIONAL,COMPLETED,Centers for Disease Control and Prevention,498,2011-08,2012-06,2012-06,2013-02-25,false,https://clinicaltrials.gov/study/NCT01326754,2026-08-31
dhappq,NCT01389557,"Impact of Dihydroartemisinin-piperaquine Plus Primaquine on Malaria Transmission in Lampung Province, Sumatra",PHASE4,INTERVENTIONAL,COMPLETED,Indonesia University,77,2011-02,2011-11,2011-12,2012-03-23,false,https://clinicaltrials.gov/study/NCT01389557,2026-08-31
dhappq,NCT01392014,Dihydroartemisinin-piperaquine and Primaquine for Uncomplicated Plasmodium Falciparum Cases,PHASE4,INTERVENTIONAL,COMPLETED,Indonesia University,374,2008-12,2010-03,2010-10,2011-07-12,false,https://clinicaltrials.gov/study/NCT01392014,2026-08-31
dhappq,NCT01624337,Malaria Prevention Cambodia,NA,INTERVENTIONAL,TERMINATED,"Armed Forces Research Institute of Medical Sciences, Thailand",231,2012-05,2014-08,2015-06,2016-07-12,false,https://clinicaltrials.gov/study/NCT01624337,2026-08-31
dhappq,NCT01640574,Comparison Between 7 and 14 Day Primaquine Combined With Dihydroartemisinin-piperaquine or 3 Day Chloroquine Radical Cure of P. Vivax (BPD),PHASE3,INTERVENTIONAL,COMPLETED,University of Oxford,680,2012-02,2015-07,2015-12,2016-04-28,false,https://clinicaltrials.gov/study/NCT01640574,2026-08-31
dhappq,NCT01640587,Compare the Effectiveness Between Existing Treatment and New Treatment,NA,INTERVENTIONAL,TERMINATED,University of Oxford,76,2013-11,2017-03,2017-03-30,2023-01-10,false,https://clinicaltrials.gov/study/NCT01640587,2026-08-31
dhappq,NCT01651416,Seasonal Malaria Chemoprevention Versus Home Management of Malaria in Children Under 5 Years in Ghana,PHASE4,INTERVENTIONAL,COMPLETED,"Centre for Global Health Research, Ghana",2400,2012-07,2012-12,2013-07,2015-09-18,false,https://clinicaltrials.gov/study/NCT01651416,2026-08-31
dhappq,NCT01669941,"Efficacy of Intermittent Screening and Treatment or Intermittent Preventive Treatment (IPT) With Dihydroartemisinin-Piperaquine, Versus IPT With Sulfadoxine-Pyrimethamine for the Control of Malaria in Pregnancy in Kenya",PHASE4,INTERVENTIONAL,COMPLETED,Kenya Medical Research Institute,1546,2012-08,2014-10,2015-12,2017-03-06,false,https://clinicaltrials.gov/study/NCT01669941,2026-08-31
dhappq,NCT01704508,Improving Anti-malarial Treatment Options in Guinea-Bissau - Part A,PHASE4,INTERVENTIONAL,COMPLETED,Bandim Health Project,346,2012-11,2015-10,2016-07,2021-05-26,false,https://clinicaltrials.gov/study/NCT01704508,2026-08-31
dhappq,NCT01743820,Phase2a Primaquine Dose Escalation Study,PHASE2,INTERVENTIONAL,COMPLETED,"University of California, San Francisco",81,2013-09,2014-12,2014-12,2015-01-19,false,https://clinicaltrials.gov/study/NCT01743820,2026-08-31
dhappq,NCT01755559,Efficacy of Three ACTs for the Treatment of Falciparum Malaria in Maradi Niger,PHASE4,INTERVENTIONAL,COMPLETED,Epicentre,663,2013-06,2014-11,2014-11,2015-11-30,false,https://clinicaltrials.gov/study/NCT01755559,2026-08-31
dhappq,NCT01775592,Plasmodium Falciparum Artemisinin Resistance Vietnam,PHASE4,INTERVENTIONAL,COMPLETED,"National Institute of Malariology, Parasitology and Entomology, Vietnam",95,2012-09,2013-01,2013-01,2013-01-28,false,https://clinicaltrials.gov/study/NCT01775592,2026-08-31
dhappq,NCT01838902,Primaquine's Gametocytocidal Efficacy in Malaria Asymptomatic Carriers,PHASE3,INTERVENTIONAL,COMPLETED,London School of Hygiene and Tropical Medicine,467,2013-08,2015-02,2015-10,2018-03-22,false,https://clinicaltrials.gov/study/NCT01838902,2026-08-31
dhappq,NCT01845701,Artemisinin-Based Antimalarial Combinations and Clinical Response in Cameroon,PHASE3,INTERVENTIONAL,COMPLETED,University of Yaounde 1,720,2010-03,2014-04,2015-04,2018-09-26,false,https://clinicaltrials.gov/study/NCT01845701,2026-08-31
dhappq,NCT01872702,Targeted Chemo-elimination (TCE) of Malaria,NA,INTERVENTIONAL,COMPLETED,University of Oxford,8000,2013-04,2017-07,2017-07,2020-08-28,false,https://clinicaltrials.gov/study/NCT01872702,2026-08-31
dhappq,NCT01878357,Surveillance and Treatment With Dihydroartemisinin-piperaquine Plus Primaquine,PHASE4,INTERVENTIONAL,COMPLETED,Indonesia University,1488,2013-06,2013-11,2013-11,2014-01-24,false,https://clinicaltrials.gov/study/NCT01878357,2026-08-31
dhappq,NCT01887821,Antimalarial Drug Susceptibility and Molecular Characterization of Plasmodium Vivax Isolates in Vietnam,PHASE4,INTERVENTIONAL,COMPLETED,"Oxford University Clinical Research Unit, Vietnam",330,2013-02,2015-06,2015-06,2016-09-30,false,https://clinicaltrials.gov/study/NCT01887821,2026-08-31
dhappq,NCT01899820,Evaluation of the Efficacy of Artemisinin Combination Therapy in Kenya,PHASE3,INTERVENTIONAL,UNKNOWN,Sabah Ahmed Omar,2100,2013-04,2014-06,2015-07,2013-10-08,false,https://clinicaltrials.gov/study/NCT01899820,2026-08-31
dhappq,NCT01930331,"Safety, Tolerability, Pharmacokinetics and Efficacy of ARCO",PHASE4,INTERVENTIONAL,COMPLETED,Ifakara Health Institute,60,2014-01-07,2014-07-27,2015-06-01,2018-03-14,false,https://clinicaltrials.gov/study/NCT01930331,2026-08-31
dhappq,NCT01992900,A Pharmacokinetic/Pharmacodynamic Study of Eurartesim Dispersible Formulation in Infants With P.Falciparum Malaria,PHASE2,INTERVENTIONAL,COMPLETED,sigma-tau i.f.r. S.p.A.,300,2013-11,2015-07,2016-01,2016-11-08,false,https://clinicaltrials.gov/study/NCT01992900,2026-08-31
dhappq,NCT02001428,Malaria in Early Life Study,NA,INTERVENTIONAL,COMPLETED,Gadjah Mada University,757,2014-07-21,2016-03-31,2017-05-17,2018-08-02,false,https://clinicaltrials.gov/study/NCT02001428,2026-08-31
dhappq,NCT02009215,School-Based Treatment With ACT to Reduce Transmission,PHASE4,INTERVENTIONAL,COMPLETED,London School of Hygiene and Tropical Medicine,10746,2014-02,2015-04,2015-04,2015-09-24,false,https://clinicaltrials.gov/study/NCT02009215,2026-08-31
dhappq,NCT02110784,Eurartesim® in Patients With Imported Uncomplicated Plasmodium Vivax Malaria,PHASE2,INTERVENTIONAL,TERMINATED,Alfasigma S.p.A.,27,2014-06-18,2016-11-23,2017-04-30,2018-09-17,false,https://clinicaltrials.gov/study/NCT02110784,2026-08-31
dhappq,NCT02163447,Reducing the Burden of Malaria in HIV-uninfected Pregnant Women and Infants,PHASE3,INTERVENTIONAL,COMPLETED,"Grant Dorsey, M.D, Ph.D.",300,2014-06-23,2018-05-14,2018-05-14,2024-12-18,true,https://clinicaltrials.gov/study/NCT02163447,2026-08-31
dhappq,NCT02184637,A Study to Evaluate the Pharmacokinetics of a Single Dose of Tafenoquine Co-administered With Either Artemether + Lumefantrine or Dihydroartemisinin + Piperaquine Tetraphosphate,PHASE1,INTERVENTIONAL,COMPLETED,GlaxoSmithKline,120,2014-07-31,2015-04-08,2015-04-08,2017-07-13,false,https://clinicaltrials.gov/study/NCT02184637,2026-08-31
dhappq,NCT02199951,"Introduction of Eurartesim® in Burkina Faso, Mozambique, Ghana and Tanzania",,OBSERVATIONAL,UNKNOWN,INDEPTH Network,10000,2013-09,2014-08,2014-12,2014-07-25,false,https://clinicaltrials.gov/study/NCT02199951,2026-08-31
dhappq,NCT02259426,Dihydroartemisinin-piperaquine With Low Dose Primaquine to Reduce Malaria Transmission,PHASE3,INTERVENTIONAL,COMPLETED,London School of Hygiene and Tropical Medicine,120,2014-10,2015-09,2015-12,2016-01-14,false,https://clinicaltrials.gov/study/NCT02259426,2026-08-31
dhappq,NCT02282293,Reducing the Burden of Malaria in HIV-Infected Pregnant Women and Their HIV-Exposed Children (PROMOTE-BC2),PHASE3,INTERVENTIONAL,COMPLETED,"University of California, San Francisco",200,2014-12-09,2016-05-26,2016-05-26,2019-03-05,true,https://clinicaltrials.gov/study/NCT02282293,2026-08-31
dhappq,NCT02315690,Evaluation of Reactive Focal Mass Drug Administration for Malaria Elimination in Swaziland,PHASE3,INTERVENTIONAL,COMPLETED,"University of California, San Francisco",4000,2015-09,2017-07,2017-07,2021-09-05,false,https://clinicaltrials.gov/study/NCT02315690,2026-08-31
dhappq,NCT02325180,"Artemisinin-based Combination Therapy for Treatment of Plasmodium Falciparum Malaria in North Sumatera, Indonesia",PHASE4,INTERVENTIONAL,COMPLETED,London School of Hygiene and Tropical Medicine,338,2015-01,2015-06,2015-06,2015-09-02,false,https://clinicaltrials.gov/study/NCT02325180,2026-08-31
dhappq,NCT02329301,Mass Drug Administration With Dihydroartemisinin + Piperaquine for Reducing Malaria in Southern Zambia,NA,INTERVENTIONAL,COMPLETED,PATH,2430,2014-09,2016-06,2020-08,2020-09-16,false,https://clinicaltrials.gov/study/NCT02329301,2026-08-31
dhappq,NCT02353494,Efficacy and Safety of Dihydroartemisinin-piperaquine (DHP) for the Treatment of Uncomplicated Malaria,,OBSERVATIONAL,COMPLETED,Menzies School of Health Research,130,2015-03,2016-05,2016-05,2017-02-01,false,https://clinicaltrials.gov/study/NCT02353494,2026-08-31
dhappq,NCT02434952,Safety and Tolerability of Low Dose Primaquine,PHASE4,INTERVENTIONAL,COMPLETED,Malaria Consortium,109,2014-10,2016-07,,2016-08-23,false,https://clinicaltrials.gov/study/NCT02434952,2026-08-31
dhappq,NCT02453308,A Study by the Tracking Resistance to Artemisinin Collaboration (TRAC),PHASE2|PHASE3,INTERVENTIONAL,COMPLETED,University of Oxford,1110,2015-08,2018-03,2018-03,2018-05-09,false,https://clinicaltrials.gov/study/NCT02453308,2026-08-31
dhappq,NCT02461186,Arterolane-PQP Versus DHA-PQP in Uncomplicated Falciparum Malaria in Eastern Myanmar,PHASE2|PHASE3,INTERVENTIONAL,WITHDRAWN,University of Oxford,0,2015-06,2017-06,2017-06,2015-11-03,false,https://clinicaltrials.gov/study/NCT02461186,2026-08-31
dhappq,NCT02511353,Efficacy and Safety of High-dose Ivermectin for Reducing Malaria Transmission: A Dose Finding Study,PHASE2,INTERVENTIONAL,COMPLETED,Liverpool School of Tropical Medicine,141,2015-07,2016-07,2016-07,2018-08-23,false,https://clinicaltrials.gov/study/NCT02511353,2026-08-31
dhappq,NCT02557425,Prophylaxis Against Malaria to Enhance Child Development (PROTECT Study),,OBSERVATIONAL,COMPLETED,Indiana University,272,2015-10,2021-08-05,2021-08-05,2021-08-25,false,https://clinicaltrials.gov/study/NCT02557425,2026-08-31
dhappq,NCT02590627,In-vivo Efficacy and Safety of Artemether/Lumefantrine Vs Dihydroartemisinin-piperaquine for Treatment of Uncomplicated Malaria and Assessment of Parasite Genetic Factors Associated With Parasite Clearance or Treatment Failure,PHASE4,INTERVENTIONAL,COMPLETED,"National Institute for Medical Research, Tanzania",509,2014-05,2015-12,2015-12,2017-12-26,false,https://clinicaltrials.gov/study/NCT02590627,2026-08-31
dhappq,NCT02604966,P. Falciparum Resistance to Artemisinin in Vietnam,PHASE4,INTERVENTIONAL,UNKNOWN,"National Institute of Malariology, Parasitology and Entomology, Vietnam",120,2015-04,2016-09,2016-12,2015-12-21,false,https://clinicaltrials.gov/study/NCT02604966,2026-08-31
dhappq,NCT02605720,Cardiac Safety of Repeated Doses of Dihydroartemisinin-Piperaquine for the Use in Mass Treatment Campaigns,PHASE3,INTERVENTIONAL,COMPLETED,Lihir Medical Centre,78,2015-09,2016-01,2016-02,2016-03-03,false,https://clinicaltrials.gov/study/NCT02605720,2026-08-31
dhappq,NCT02612545,"Efficacy, Safety, and Tolerability of Dihydroartemisinin-piperaquine + Mefloquine Compared to Dihydroartemisinin-piperaquine or Artesunate-mefloquine in Patients With Uncomplicated Falciparum Malaria in Cambodia",PHASE1,INTERVENTIONAL,COMPLETED,National Institute of Allergy and Infectious Diseases (NIAID),216,2015-11-20,2018-10-12,2019-10-08,2019-10-10,false,https://clinicaltrials.gov/study/NCT02612545,2026-08-31
dhappq,NCT02614404,Effect of Imatinib on Suppression of Malaria Parasites in Patients With Uncomplicated Plasmodium Falciparum Malaria,PHASE1,INTERVENTIONAL,COMPLETED,HuLow,15,2015-11,2016-12-02,2017-02-02,2021-02-11,false,https://clinicaltrials.gov/study/NCT02614404,2026-08-31
dhappq,NCT02653898,Malaria Elimination Pilot Study in Military Forces in Cambodia,PHASE4,INTERVENTIONAL,UNKNOWN,"Armed Forces Research Institute of Medical Sciences, Thailand",1050,2016-01,2016-08,2021-12,2021-03-02,false,https://clinicaltrials.gov/study/NCT02653898,2026-08-31
dhappq,NCT02654730,Evaluation of the Safety of Primaquine in Combination With Dihydroartemisinin-piperaquine in G6PD Deficient Males in The Gambia,PHASE2|PHASE3,INTERVENTIONAL,TERMINATED,London School of Hygiene and Tropical Medicine,61,2015-12,2016-09,2016-12,2016-09-09,false,https://clinicaltrials.gov/study/NCT02654730,2026-08-31
dhappq,NCT02654912,Community-led Responses for Elimination: Controlled Trial of Reactive Case Detection Versus Reactive Drug Administration,PHASE4,INTERVENTIONAL,COMPLETED,PATH,8682,2016-02,2020-06,2020-07,2021-02-04,false,https://clinicaltrials.gov/study/NCT02654912,2026-08-31
dhappq,NCT02671175,Post-discharge Malaria Chemoprevention(PMC) Study,PHASE3,INTERVENTIONAL,COMPLETED,Liverpool School of Tropical Medicine,1049,2016-05-20,2018-10-24,2018-12-12,2020-06-04,false,https://clinicaltrials.gov/study/NCT02671175,2026-08-31
dhappq,NCT02721186,Effectiveness of Mass Drug Administration for Reducing Seasonal Malaria Transmission in Zanzibar,NA,INTERVENTIONAL,COMPLETED,Ulrika Morris,22500,2016-04-30,2016-12-31,2017-09-30,2017-10-05,false,https://clinicaltrials.gov/study/NCT02721186,2026-08-31
dhappq,NCT02721420,Delivery of Malaria Chemoprevention in the Post-discharge Management of Children With Severe Anaemia in Malawi,PHASE3,INTERVENTIONAL,UNKNOWN,Kamuzu University of Health Sciences,375,2016-03-24,2019-03,2019-12,2018-02-01,false,https://clinicaltrials.gov/study/NCT02721420,2026-08-31
dhappq,NCT02792816,Molecular Surveillance of Artemisinin Resistance Malaria in Myanmar,,OBSERVATIONAL,COMPLETED,"Department of Medical Research, Lower Myanmar",550,2009-06,2013-12,2016-05,2016-06-08,false,https://clinicaltrials.gov/study/NCT02792816,2026-08-31
dhappq,NCT02793622,Prevention of Malaria in HIV-uninfected Pregnant Women and Infants,PHASE3,INTERVENTIONAL,COMPLETED,"University of California, San Francisco",782,2016-09,2018-12-04,2018-12-04,2021-04-14,true,https://clinicaltrials.gov/study/NCT02793622,2026-08-31
dhappq,NCT02802501,Efficacy and Safety Study of Tafenoquine (TQ) Co-administered With Dihydroartemisinin-piperaquine (DHA-PQP) for the Radical Cure of Plasmodium Vivax (P. Vivax) Malaria,PHASE3,INTERVENTIONAL,COMPLETED,GlaxoSmithKline,150,2018-04-08,2019-08-19,2019-08-19,2020-07-24,true,https://clinicaltrials.gov/study/NCT02802501,2026-08-31
dhappq,NCT02802813,P.Vivax Treatment Trial,PHASE1|PHASE2,INTERVENTIONAL,COMPLETED,University of Oxford,41,2016-06-14,2018-06-15,2018-06-15,2022-03-02,false,https://clinicaltrials.gov/study/NCT02802813,2026-08-31
dhappq,NCT02831023,Phase 2 Efficacy Study of Primaquine and Methylene Blue,PHASE2,INTERVENTIONAL,COMPLETED,"University of California, San Francisco",80,2016-07,2017-01,2017-01,2017-01-11,false,https://clinicaltrials.gov/study/NCT02831023,2026-08-31
dhappq,NCT02878200,"RHOST-cRCT, Reactive Household-based Self-administered Treatment Against Residual Malaria Transmission",NA,INTERVENTIONAL,COMPLETED,London School of Hygiene and Tropical Medicine,2236,2016-11-04,2018-12-18,2020-07-16,2020-09-07,false,https://clinicaltrials.gov/study/NCT02878200,2026-08-31
dhappq,NCT02909712,Cardiac Safety of Dihydroartemisinin-Piperaquine Amongst Pregnant Women in Tanzania,PHASE2,INTERVENTIONAL,COMPLETED,London School of Hygiene and Tropical Medicine,201,2016-09,2020-01,2020-02,2021-02-02,false,https://clinicaltrials.gov/study/NCT02909712,2026-08-31
dhappq,NCT02914145,"Mass Drug Administrations of DHA-PQP to Accelerate Towards Malaria Elimination in Magude District, Southern Mozambique",NA,INTERVENTIONAL,COMPLETED,Centro de Investigacao em Saude de Manhica,240502,2015-11,2017-12,2017-12,2018-02-06,false,https://clinicaltrials.gov/study/NCT02914145,2026-08-31
dhappq,NCT02940756,Efficacy and Safety of Artemisinin-based Combination Treatments in the Democratic Republic of the Congo,PHASE4,INTERVENTIONAL,COMPLETED,"Ministry of Public Health, Democratic Republic of the Congo",1615,2017-03-15,2018-01-02,2018-01-02,2018-01-03,false,https://clinicaltrials.gov/study/NCT02940756,2026-08-31
dhappq,NCT02974348,Antimalaria Drugs Susceptibility Testing for an Effective Management of Infected Patients in Sub-Sahara Africa,PHASE3,INTERVENTIONAL,COMPLETED,University of Bamenda,300,2013-01,2013-05,2014-10,2016-11-29,false,https://clinicaltrials.gov/study/NCT02974348,2026-08-31
dhappq,NCT02987270,Evaluation of Community-based Mass Screening and Treatment for Malaria in Western Kenya,PHASE3,INTERVENTIONAL,COMPLETED,Simon Kariuki,90000,2013-04,2015-08,2015-08,2016-12-09,false,https://clinicaltrials.gov/study/NCT02987270,2026-08-31
dhappq,NCT03009526,Efficacy and Safety of IPTp-DP Versus IPTp-SP in Malawi,PHASE3,INTERVENTIONAL,COMPLETED,Kamuzu University of Health Sciences,602,2017-01-17,2018-10-24,2018-10-24,2021-07-26,false,https://clinicaltrials.gov/study/NCT03009526,2026-08-31
dhappq,NCT03178643,Enhancing Preventive Therapy of Malaria In Children With Sickle Cell Anemia in East Africa (EPiTOMISE),PHASE4,INTERVENTIONAL,COMPLETED,Duke University,246,2018-01-23,2020-12-16,2020-12-16,2024-04-23,true,https://clinicaltrials.gov/study/NCT03178643,2026-08-31
dhappq,NCT03208179,Improving PRegnancy Outcomes With Intermittent preVEntive Treatment in Africa,PHASE3,INTERVENTIONAL,COMPLETED,Liverpool School of Tropical Medicine,4680,2018-03-29,2020-03-15,2020-03-15,2022-06-27,false,https://clinicaltrials.gov/study/NCT03208179,2026-08-31
dhappq,NCT03208907,DHA-PQP vs Chloroquine and Primaquine for Radical Cure of Vivax Malaria in Brazil,PHASE3,INTERVENTIONAL,COMPLETED,Fundação de Medicina Tropical Dr. Heitor Vieira Dourado,419,2018-07-05,2021-07-02,2021-07-02,2023-06-12,false,https://clinicaltrials.gov/study/NCT03208907,2026-08-31
dhappq,NCT03431714,Efficacy and Safety of ASAQ and PD for the Treatment of Uncomplicated Falciparum Malaria in Mainland Tanzania,PHASE4,INTERVENTIONAL,COMPLETED,"National Institute for Medical Research, Tanzania",333,2017-07-14,2017-12-08,2017-12-08,2018-02-13,false,https://clinicaltrials.gov/study/NCT03431714,2026-08-31
dhappq,NCT03576313,Mass Drug Administration of Ivermectin and Dihydroartemisinin-piperaquine as an Additional Intervention for Malaria Elimination,PHASE3,INTERVENTIONAL,COMPLETED,London School of Hygiene and Tropical Medicine,4939,2018-08-11,2019-12-31,2021-07-31,2022-03-14,false,https://clinicaltrials.gov/study/NCT03576313,2026-08-31
dhappq,NCT03640403,Effectiveness and Safety of Intermittent Preventive Treatment for Malaria Using Either Dihydroartemisinin-piperaquine or Artesunate-amodiaquine in Reducing Malaria Related Morbidities and Improving Cognitive Ability in School-aged Children in Tanzania,PHASE3,INTERVENTIONAL,COMPLETED,"National Institute for Medical Research, Tanzania",1555,2019-03-26,2020-12-31,2021-12-31,2024-11-20,false,https://clinicaltrials.gov/study/NCT03640403,2026-08-31
dhappq,NCT03671109,Improving Maternal heAlth by Reducing Malaria in African HIV Women,PHASE3,INTERVENTIONAL,COMPLETED,Barcelona Institute for Global Health,666,2019-09-18,2022-07-19,2023-06-19,2024-10-01,false,https://clinicaltrials.gov/study/NCT03671109,2026-08-31
dhappq,NCT03697668,Triple Antimalarial Combination to Accelerate the Parasite Clearance and to Prevent the Selection of Resistant Parasites,PHASE2,INTERVENTIONAL,UNKNOWN,Nurex S.r.l.,50,2017-09-17,2018-12-31,2019-12-31,2018-10-05,false,https://clinicaltrials.gov/study/NCT03697668,2026-08-31
dhappq,NCT04009343,Pharmacokinetics and Pharmacodynamics of the Gametocytocidal and Post-treatment Chemoprotective Effects of Antimalarials,PHASE2|PHASE3,INTERVENTIONAL,ACTIVE_NOT_RECRUITING,Johns Hopkins Bloomberg School of Public Health,182,2019-06-19,2020-08-24,2026-12,2025-12-17,false,https://clinicaltrials.gov/study/NCT04009343,2026-08-31
dhappq,NCT04049916,Pyronaridine-artesunate With Low Dose Primaquine for Preventing P. Falciparum Transmission,PHASE2|PHASE3,INTERVENTIONAL,COMPLETED,London School of Hygiene and Tropical Medicine,100,2019-09-12,2020-01-07,2020-01-07,2020-01-30,false,https://clinicaltrials.gov/study/NCT04049916,2026-08-31
dhappq,NCT04053907,P. Falciparum Infection Dynamics and Transmission to Inform Elimination,NA,INTERVENTIONAL,UNKNOWN,London School of Hygiene and Tropical Medicine,4000,2019-08-15,2022-05-31,2022-05-31,2022-03-31,false,https://clinicaltrials.gov/study/NCT04053907,2026-08-31
dhappq,NCT04147546,Additional Screening With Sensitives RDTs and Malaria,PHASE3,INTERVENTIONAL,COMPLETED,"Institut de Recherche en Sciences de la Sante, Burkina Faso",340,2020-08-31,2021-08-31,2021-12-31,2023-03-30,false,https://clinicaltrials.gov/study/NCT04147546,2026-08-31
dhappq,NCT04158713,Improving PRegnancy Outcomes With PReVEntive Therapy in Africa-2 (IMPROVE-2),PHASE3,INTERVENTIONAL,COMPLETED,Liverpool School of Tropical Medicine,898,2019-11-11,2022-04-15,2022-08-30,2023-08-22,false,https://clinicaltrials.gov/study/NCT04158713,2026-08-31
dhappq,NCT04160026,Acceptability and Feasibility in the Context of the IMPROVE Trial in Kenya,PHASE4,INTERVENTIONAL,COMPLETED,Liverpool School of Tropical Medicine,1600,2019-11-11,2020-07-31,2020-07-31,2021-04-15,false,https://clinicaltrials.gov/study/NCT04160026,2026-08-31
dhappq,NCT04189744,The ASPIRE Trial - Aiming for Safe Pregnancies by Reducing Malaria and Infections of the Reproductive Tract,PHASE3,INTERVENTIONAL,COMPLETED,London School of Hygiene and Tropical Medicine,5436,2019-12-15,2022-10-21,2023-03-31,2023-05-22,false,https://clinicaltrials.gov/study/NCT04189744,2026-08-31
dhappq,NCT04245033,Evaluation of the Implementation and Effectiveness of Intermittent Preventive Treatment for Malaria Using Dihydroartemisinin-piperaquine on Reducing Malaria Burden in School Aged Children in Tanzania,PHASE4,INTERVENTIONAL,COMPLETED,"National Institute for Medical Research, Tanzania",4100,2020-07-20,2021-05-31,2021-06-28,2024-11-20,false,https://clinicaltrials.gov/study/NCT04245033,2026-08-31
dhappq,NCT04336189,Optimal Chemopreventive Regimens to Prevent Malaria and Improve Birth Outcomes in Uganda,PHASE3,INTERVENTIONAL,COMPLETED,"Grant Dorsey, M.D, Ph.D.",2757,2020-12-28,2024-07-28,2024-07-28,2025-11-06,true,https://clinicaltrials.gov/study/NCT04336189,2026-08-31
dhappq,NCT04487145,Dihydroartemisinin-Piperaquine in the Context of Antiretroviral Therapy,PHASE4,INTERVENTIONAL,COMPLETED,"University of California, San Francisco",194,2020-11-23,2022-04-11,2022-04-11,2025-03-14,true,https://clinicaltrials.gov/study/NCT04487145,2026-08-31
dhappq,NCT04609098,Single Low Dose Tafenoquine to Reduce P. Falciparum Transmission in Mali (NECTAR2),PHASE2,INTERVENTIONAL,COMPLETED,London School of Hygiene and Tropical Medicine,80,2020-10-29,2020-12-02,2020-12-23,2022-06-09,false,https://clinicaltrials.gov/study/NCT04609098,2026-08-31
dhappq,NCT04660110,Household-level Impact of IPT of Malaria in Schoolchildren,PHASE3,INTERVENTIONAL,UNKNOWN,Makerere University,1500,2021-01-28,2021-06-03,2021-06-30,2021-02-24,false,https://clinicaltrials.gov/study/NCT04660110,2026-08-31
dhappq,NCT04661579,"Study of Malaria Vaccine RTS,S/AS01E in Plasmodium Falciparum-infected and Uninfected Adults Pre-treated With Anti-malarial Therapy",PHASE2,INTERVENTIONAL,COMPLETED,PATH,620,2020-11-06,2022-06-22,2022-08-17,2024-07-19,true,https://clinicaltrials.gov/study/NCT04661579,2026-08-31
dhappq,NCT04704999,Southeast Asia Dose Optimization of Tafenoquine,PHASE4,INTERVENTIONAL,RECRUITING,University of Oxford,820,2024-07-22,2027-10-04,2028-02-07,2026-07-29,false,https://clinicaltrials.gov/study/NCT04704999,2026-08-31
dhappq,NCT04767191,Malaria Therapeutic Efficacy Study (TES) Kenya,PHASE4,INTERVENTIONAL,COMPLETED,Jhpiego,400,2021-03-15,2022-12-18,2022-12-18,2023-11-01,false,https://clinicaltrials.gov/study/NCT04767191,2026-08-31
dhappq,NCT04767217,"Malaria Therapeutic Efficacy Study, Rwanda",PHASE4,INTERVENTIONAL,COMPLETED,Jhpiego,528,2021-06-14,2023-12-08,2024-01-31,2024-02-02,false,https://clinicaltrials.gov/study/NCT04767217,2026-08-31
dhappq,NCT04816461,Boosting the Impact of SMC Through Simultaneous Screening and Treatment of Roommates,PHASE4,INTERVENTIONAL,COMPLETED,"Institut de Recherche en Sciences de la Sante, Burkina Faso",526,2021-07-07,2023-06-30,2023-06-30,2025-01-22,false,https://clinicaltrials.gov/study/NCT04816461,2026-08-31
dhappq,NCT04844099,Dihydroartemisinin-Piperaquine or Sulphadoxine-Pyrimethamine for the Chemoprevention of Malaria in Sickle Cell Anaemia,PHASE3,INTERVENTIONAL,COMPLETED,Liverpool School of Tropical Medicine,723,2021-04-09,2023-06-30,2023-07-12,2023-09-13,false,https://clinicaltrials.gov/study/NCT04844099,2026-08-31
dhappq,NCT04844905,Adjunctive Ivermectin Mass Drug Administration for Malaria Control,PHASE3,INTERVENTIONAL,UNKNOWN,London School of Hygiene and Tropical Medicine,24000,2021-05-03,2023-03,2023-08,2022-02-24,false,https://clinicaltrials.gov/study/NCT04844905,2026-08-31
dhappq,NCT04864444,Mass Drug Administration of Dihydroartemisinin-piperaquine + Single Low-dose Primaquine to Accelerate Toward Elimination Activities,NA,INTERVENTIONAL,COMPLETED,"University of California, San Francisco",10715,2021-06-19,2022-12-31,2023-06-30,2024-06-24,false,https://clinicaltrials.gov/study/NCT04864444,2026-08-31
dhappq,NCT04897919,Effectiveness and Safety of Artemether + Lumefantrine and Dihydroartemisinin + Piperaquine for Treating Malaria,PHASE4,INTERVENTIONAL,COMPLETED,Bandim Health Project,474,2015-08-01,2017-10-01,2018-12-01,2022-04-12,false,https://clinicaltrials.gov/study/NCT04897919,2026-08-31
dhappq,NCT04978272,Modifying Immunity in Children With DihydROartemisinin-Piperaquine (MIC-DroP),PHASE3,INTERVENTIONAL,ACTIVE_NOT_RECRUITING,"Grant Dorsey, M.D, Ph.D.",924,2022-02-08,2027-05-05,2027-05-05,2026-06-08,false,https://clinicaltrials.gov/study/NCT04978272,2026-08-31
dhappq,NCT05052502,Targeting High Risk Populations With Enhanced Reactive Focal Mass Drug Administration in Thailand,NA,INTERVENTIONAL,COMPLETED,"University of California, San Francisco",14977,2020-11-01,2022-03-31,2022-03-31,2026-04-29,false,https://clinicaltrials.gov/study/NCT05052502,2026-08-31
dhappq,NCT05060198,Therapeutic Efficacy Study of AL and DP in Western Kenya,NA,INTERVENTIONAL,COMPLETED,Kenya Medical Research Institute,340,2016-06-17,2017-03-13,2020-12-31,2021-09-29,false,https://clinicaltrials.gov/study/NCT05060198,2026-08-31
dhappq,NCT05244954,Comparing Chemoprevention Approaches for School-based Malaria Control,PHASE4,INTERVENTIONAL,COMPLETED,"University of Maryland, Baltimore",746,2022-02-01,2022-08-26,2022-08-26,2022-11-15,false,https://clinicaltrials.gov/study/NCT05244954,2026-08-31
dhappq,NCT05252845,"Safety and Immunogenicity of the Malaria Vaccine, R21/MatrixM, in Healthy Thai Adults",PHASE2,INTERVENTIONAL,COMPLETED,University of Oxford,127,2023-01-04,2023-06-08,2023-09-18,2025-07-03,true,https://clinicaltrials.gov/study/NCT05252845,2026-08-31
dhappq,NCT05294406,"Intermittent Preventive Treatment With Dihydroartemisinin-piperaquine in Papua, Indonesia",PHASE4,INTERVENTIONAL,COMPLETED,Liverpool School of Tropical Medicine,2128,2022-02-07,2023-12-31,2023-12-31,2024-03-15,false,https://clinicaltrials.gov/study/NCT05294406,2026-08-31
dhappq,NCT05323721,"Effectiveness and Chemoprevention Efficacy of Implementing Seasonal Malaria Chemoprevention in Karamoja Region, Uganda",PHASE4,INTERVENTIONAL,UNKNOWN,Malaria Consortium,6805,2022-06-01,2022-11-01,2023-12-01,2023-11-01,false,https://clinicaltrials.gov/study/NCT05323721,2026-08-31
dhappq,NCT05340153,Efficacy and Safety of Artemether-Lumefantrine and Dihydroartemisinin-Piperaquine in Cameroon,PHASE4,INTERVENTIONAL,UNKNOWN,University of Yaounde 1,184,2022-04-11,2022-12-31,2022-12-31,2022-04-22,false,https://clinicaltrials.gov/study/NCT05340153,2026-08-31
dhappq,NCT05343312,"In Vivo Efficacy of Artemether-Lumefantrine, Amodiaquine-Artesunate, Dihydroartemisinin-Piperaquine, and Pironaridine-Artesunate in Mozambique",PHASE4,INTERVENTIONAL,COMPLETED,Centro de Investigacao em Saude de Manhica,870,2022-03-16,2023-09-30,2025-07-30,2025-08-27,false,https://clinicaltrials.gov/study/NCT05343312,2026-08-31
dhappq,NCT05426434,Sulfadoxine-pyrimethamine Plus Dihydroartemisinin-piperaquine for Intermittent Preventive Treatment in Pregnancy,PHASE3,INTERVENTIONAL,ACTIVE_NOT_RECRUITING,Menzies School of Health Research,1172,2022-08-31,2025-03-31,2025-12,2025-06-06,false,https://clinicaltrials.gov/study/NCT05426434,2026-08-31
dhappq,NCT05788094,ACT vs CQ With Tafenoquine for P. Vivax Mono-infection,PHASE4,INTERVENTIONAL,RECRUITING,Shoklo Malaria Research Unit,606,2023-06-26,2026-02-28,2026-08-31,2025-05-16,false,https://clinicaltrials.gov/study/NCT05788094,2026-08-31
dhappq,NCT05829187,Momordica Charantia and Dihydroartemisinin-piperaquined-primaquine for Uncomplicated Plasmodium Falciparum Malaria Patients in Southwest Sumba Regency,PHASE2,INTERVENTIONAL,COMPLETED,"Syamsudin Abdillah,Ph.D, Pharm D",36,2022-11-01,2022-12-31,2022-12-31,2023-05-16,false,https://clinicaltrials.gov/study/NCT05829187,2026-08-31
dhappq,NCT05874869,Dihydroartemisinin-piperaquine for Seasonal Malaria Chemoprophylaxis in Tanzania,NA,INTERVENTIONAL,COMPLETED,Richard Mwaiswelo,13800,2020-07-01,2021-06-30,2021-06-30,2023-05-25,false,https://clinicaltrials.gov/study/NCT05874869,2026-08-31
dhappq,NCT05946642,Innovative Intermittent Preventive Treatment Approaches to Reduce Malaria Burden in School-age Children in Burkina Faso,PHASE3,INTERVENTIONAL,UNKNOWN,Malaria Consortium,13000,2023-07-15,2024-05-31,2024-12-31,2023-11-22,false,https://clinicaltrials.gov/study/NCT05946642,2026-08-31
dhappq,NCT05980156,Comparing Chemoprevention Drugs for School-based Malaria Control,PHASE4,INTERVENTIONAL,COMPLETED,"University of Maryland, Baltimore",646,2023-02-13,2023-07-28,2023-07-28,2023-08-07,false,https://clinicaltrials.gov/study/NCT05980156,2026-08-31
dhappq,NCT06036030,"Combination Momordica Charantia Extract and Primaquine Againts Plasmodium Falciparum Uncomplicated and Plasmodium Vivax Uncomplicated Treatment in Manokwari, West Papua",PHASE2,INTERVENTIONAL,COMPLETED,"Syamsudin Abdillah,Ph.D, Pharm D",50,2019-01-11,2019-04-16,2019-04-16,2023-09-13,false,https://clinicaltrials.gov/study/NCT06036030,2026-08-31
dhappq,NCT06068530,"Mass Vaccine and Drug Administration, Bangladesh",PHASE4,INTERVENTIONAL,RECRUITING,University of Oxford,10000,2025-02-15,2028-02-01,2028-02-01,2025-12-18,false,https://clinicaltrials.gov/study/NCT06068530,2026-08-31
dhappq,NCT06083688,"Preventing Malaria in School Children to Protect the Whole Community in Rural Blantyre District, Malawi",PHASE4,INTERVENTIONAL,COMPLETED,Liverpool School of Tropical Medicine,788,2024-10-14,2025-07-31,2026-01-14,2026-07-30,false,https://clinicaltrials.gov/study/NCT06083688,2026-08-31
dhappq,NCT06225297,"Evaluation of Vector and Chemoprevention-based Interventions to Reduce Malaria Burden in Urban Daaras of Touba, Senegal",PHASE4,INTERVENTIONAL,SUSPENDED,PATH,4600,2024-01-19,2024-12-23,2025-02,2025-02-17,false,https://clinicaltrials.gov/study/NCT06225297,2026-08-31
dhappq,NCT06347471,The Transmission of Artemisinin Resistant Parasites Before and After Conventional Artemisinin-combination Therapy,PHASE4,INTERVENTIONAL,COMPLETED,"Infectious Diseases Research Collaboration, Uganda",160,2024-05-28,2025-11-22,2025-11-22,2026-07-06,false,https://clinicaltrials.gov/study/NCT06347471,2026-08-31
dhappq,NCT06516042,"Targeted Antimalarial Drug Administration for Seasonal Migrant Populations in Amhara Region, Ethiopia",PHASE3,INTERVENTIONAL,ACTIVE_NOT_RECRUITING,PATH,10350,2024-08-21,2025-01-24,2025-07,2025-05-06,false,https://clinicaltrials.gov/study/NCT06516042,2026-08-31
dhappq,NCT06870344,IGHID 12334 - After the Flood: Optimal Strategies to Prevent Malaria Epidemics Caused by Severe Flooding,NA,INTERVENTIONAL,ACTIVE_NOT_RECRUITING,"University of North Carolina, Chapel Hill",36000,2025-03-12,2026-07-01,2026-07-01,2025-08-08,false,https://clinicaltrials.gov/study/NCT06870344,2026-08-31
dhappq,NCT06962319,Safety of Antimalarials in the FIRst trimEster,PHASE3,INTERVENTIONAL,RECRUITING,Liverpool School of Tropical Medicine,1510,2025-09-30,2028-08,2029-08,2025-11-19,false,https://clinicaltrials.gov/study/NCT06962319,2026-08-31
dhappq,NCT06973200,"Burden of Schistosomiasis and Soil-transmitted Helminth Infections in Schoolchildren in Banfora, Burkina Faso",,OBSERVATIONAL,COMPLETED,Centre MURAZ/Institut National de Santé Publique,300,2024-11-11,2024-12-21,2025-02-25,2025-05-15,false,https://clinicaltrials.gov/study/NCT06973200,2026-08-31
dhappq,NCT07021430,Focal Mass Drug Administration for the Prevention of Malaria in Pregnancy,EARLY_PHASE1,INTERVENTIONAL,RECRUITING,"University of North Carolina, Chapel Hill",300,2026-09-27,2028-09,2028-09,2026-08-17,false,https://clinicaltrials.gov/study/NCT07021430,2026-08-31
dhappq,NCT07082205,Monoclonal Antibodies in Children With Severe Anaemia or Severe Malaria to Prevent Malaria After Hospital Discharge,PHASE3,INTERVENTIONAL,ACTIVE_NOT_RECRUITING,Liverpool School of Tropical Medicine,398,2025-05-02,2026-09-30,2027-04,2026-08-05,false,https://clinicaltrials.gov/study/NCT07082205,2026-08-31
dhappq,NCT07246525,Intermittent Preventive Treatment of Malaria in School-age Children to Decrease Community Transmission,PHASE4,INTERVENTIONAL,NOT_YET_RECRUITING,"University of California, San Francisco",4800,2026-08-01,2029-08-31,2029-08-31,2026-05-07,false,https://clinicaltrials.gov/study/NCT07246525,2026-08-31
dhappq,NCT07322068,Perennial Malaria Chemoprevention in the Malaria Vaccine Era,PHASE4,INTERVENTIONAL,NOT_YET_RECRUITING,Stanford University,1290,2026-09,2033-06,2033-06,2026-01-07,false,https://clinicaltrials.gov/study/NCT07322068,2026-08-31
dhappq,NCT07362498,Health Systems Implementation and Molecular Surveillance of Multiple First-Line Treatments for Uncomplicated Malaria in Western Kenya,,OBSERVATIONAL,COMPLETED,Strathmore University,316,2020-06-01,2024-01-31,2024-01-31,2026-01-23,false,https://clinicaltrials.gov/study/NCT07362498,2026-08-31
dhappq,NCT07389057,Assessing the Feasibility of Combining Dihydroartemisinin Piperaquine and Primaquine for Malaria Mass Drug Administration in High Endemic Communities in the Eastern Region of Ghana,NA,INTERVENTIONAL,RECRUITING,Noguchi Memorial Institute for Medical Research,9000,2023-11-01,2026-11-30,2026-11-30,2026-02-05,false,https://clinicaltrials.gov/study/NCT07389057,2026-08-31
dhappq,NCT07403643,Investigating the Pharmacology of Tafenoquine in Papua New Guinean Children With Uncomplicated Malaria,PHASE4,INTERVENTIONAL,NOT_YET_RECRUITING,Curtin University,60,2026-04,2026-12,2026-12,2026-02-12,false,https://clinicaltrials.gov/study/NCT07403643,2026-08-31
dhappq,NCT07470424,"A Clinical Study of Piperaquine, Pyronaridine, and Artesunate Administered in Combination in Healthy Adults",PHASE1,INTERVENTIONAL,NOT_YET_RECRUITING,University of Oxford,24,2026-11-01,2027-11-01,2027-11-01,2026-08-05,false,https://clinicaltrials.gov/study/NCT07470424,2026-08-31
dhappq,NCT07533136,Tafenoquine Combinations for Improved Radical Cure Efficacy of Plasmodium Vivax,NA,INTERVENTIONAL,NOT_YET_RECRUITING,Walter Reed Army Institute of Research (WRAIR),300,2026-05-01,2028-10-31,2029-05-30,2026-04-16,false,https://clinicaltrials.gov/study/NCT07533136,2026-08-31
ganlum,NCT01753323,"Efficacy, Safety, Tolerability and Pharmacokinetics of KAF156 in Adult Patients With Acute, Uncomplicated Plasmodium Falciparum or Vivax Malaria Mono-infection",PHASE2,INTERVENTIONAL,COMPLETED,Novartis Pharmaceuticals,43,2013-03,2014-08,2014-08,2018-06-07,true,https://clinicaltrials.gov/study/NCT01753323,2026-08-31
ganlum,NCT03167242,Efficacy and Safety of KAF156 in Combination With LUM-SDF in Adults and Children With Uncomplicated Plasmodium Falciparum Malaria,PHASE2,INTERVENTIONAL,COMPLETED,Novartis Pharmaceuticals,524,2017-08-02,2021-06-14,2021-06-28,2022-02-10,true,https://clinicaltrials.gov/study/NCT03167242,2026-08-31
ganlum,NCT04072302,Safety and Causal Prophylactic Efficacy of KAF156 in a Controlled Human Malaria Challenge Model,PHASE1,INTERVENTIONAL,COMPLETED,Novartis Pharmaceuticals,86,2014-09-15,2017-11-29,2017-11-29,2019-08-28,false,https://clinicaltrials.gov/study/NCT04072302,2026-08-31
ganlum,NCT04546633,"Efficacy, Safety and Tolerability of KAF156 in Combination With Lumefantrine Solid Dispersion Formulation (LUM-SDF) in Pediatric Population With Uncomplicated Plasmodium Falciparum Malaria",PHASE2,INTERVENTIONAL,COMPLETED,Novartis Pharmaceuticals,295,2021-02-16,2024-08-13,2024-08-28,2026-05-07,true,https://clinicaltrials.gov/study/NCT04546633,2026-08-31
ganlum,NCT05084651,Drug-drug Interaction Study of Ganaplacide and Lumefantrine With Itraconazole,PHASE1,INTERVENTIONAL,COMPLETED,Novartis Pharmaceuticals,19,2021-11-18,2022-05-13,2022-05-14,2022-10-28,false,https://clinicaltrials.gov/study/NCT05084651,2026-08-31
ganlum,NCT05236530,"Drug-drug Interaction Study of Ganaplacide and Lumefantrine With Midazolam, Repaglinide, Dextromethorphan, Metformin, Rosuvastatin and Dolutegravir",PHASE1,INTERVENTIONAL,COMPLETED,Novartis Pharmaceuticals,48,2022-03-09,2022-10-17,2022-10-17,2022-11-04,false,https://clinicaltrials.gov/study/NCT05236530,2026-08-31
ganlum,NCT05330273,Drug-drug Interaction Study of Ganaplacide and Lumefantrine With Efavirenz,PHASE1,INTERVENTIONAL,COMPLETED,Novartis Pharmaceuticals,14,2022-04-28,2022-11-22,2022-11-22,2023-01-12,false,https://clinicaltrials.gov/study/NCT05330273,2026-08-31
ganlum,NCT05750628,Platform Study to Evaluate the Efficacy and Safety of Anti-malarial Agents in Patients With Uncomplicated Plasmodium Falciparum Malaria,PHASE2,INTERVENTIONAL,RECRUITING,Novartis Pharmaceuticals,327,2024-01-23,2026-06-09,2026-06-23,2025-07-30,false,https://clinicaltrials.gov/study/NCT05750628,2026-08-31
ganlum,NCT05842954,"Efficacy, Safety and Tolerability of KLU156 in Adults and Children With Uncomplicated P. Falciparum Malaria",PHASE3,INTERVENTIONAL,COMPLETED,Novartis Pharmaceuticals,1720,2024-03-07,2025-06-27,2025-11-25,2026-01-27,false,https://clinicaltrials.gov/study/NCT05842954,2026-08-31
ganlum,NCT07235033,Platform Study to Evaluate the Efficacy and Safety of Anti-malarial Agents in Participants With Uncomplicated Plasmodium Falciparum Malaria (Cohort B2),PHASE2,INTERVENTIONAL,COMPLETED,Novartis Pharmaceuticals,60,2024-01-23,2025-03-05,2025-03-19,2026-05-07,true,https://clinicaltrials.gov/study/NCT07235033,2026-08-31
pyramax,NCT00331136,Pyronaridine and Artesunate (3:1) in Children With Acute Uncomplicated Plasmodium Falciparum Malaria,PHASE2,INTERVENTIONAL,COMPLETED,Medicines for Malaria Venture,60,2006-06,2006-12,2006-12,2022-05-05,true,https://clinicaltrials.gov/study/NCT00331136,2026-08-31
pyramax,NCT00403260,Pyronaridine - Artesunate (3:1) Versus Mefloquine Plus Artesunate in Plasmodium Falciparum Malaria Patients,PHASE3,INTERVENTIONAL,COMPLETED,Medicines for Malaria Venture,1271,2007-01,2008-10,2008-12,2021-11-02,true,https://clinicaltrials.gov/study/NCT00403260,2026-08-31
pyramax,NCT00422084,Pyronaridine Artesunate (3:1) Versus Coartem® in P Falciparum Malaria Patients,PHASE3,INTERVENTIONAL,COMPLETED,Medicines for Malaria Venture,1272,2007-01,2008-04,2008-05,2021-11-02,true,https://clinicaltrials.gov/study/NCT00422084,2026-08-31
pyramax,NCT00440999,Pyronaridine Artesunate (3:1) in Children and Adults With Acute Plasmodium Vivax Malaria,PHASE3,INTERVENTIONAL,COMPLETED,Medicines for Malaria Venture,456,2007-03,2008-04,2008-09,2021-11-02,true,https://clinicaltrials.gov/study/NCT00440999,2026-08-31
pyramax,NCT00541385,Pyronaridine Artesunate 3:1 Granule Formulation vs. Coartem© Crushed Tablets in P. Falciparum Malaria Pediatric Patients,PHASE3,INTERVENTIONAL,COMPLETED,Medicines for Malaria Venture,535,2007-10,2008-09,2008-11,2021-11-22,true,https://clinicaltrials.gov/study/NCT00541385,2026-08-31
pyramax,NCT00682630,Bioequivalence Trial of Pyronaridine Artesunate To-be-marketed Tablet to the Clinical Trial Reference Tablet,PHASE1,INTERVENTIONAL,COMPLETED,Medicines for Malaria Venture,42,2007-09,2008-07,2008-09,2023-02-03,true,https://clinicaltrials.gov/study/NCT00682630,2026-08-31
pyramax,NCT01156389,Pyronaridine Artesunate-Ritonavir Drug-drug Interaction Study,PHASE1,INTERVENTIONAL,COMPLETED,Medicines for Malaria Venture,34,2010-07,2010-08,2010-09,2023-02-03,true,https://clinicaltrials.gov/study/NCT01156389,2026-08-31
pyramax,NCT01523002,"Drug Interaction Study of Pyronaridine-artesunate & Metoprolol, & Redosing Study of Pyronaridine-artesunate",PHASE1,INTERVENTIONAL,COMPLETED,Medicines for Malaria Venture,56,2012-01,2012-07,2012-10,2023-12-14,true,https://clinicaltrials.gov/study/NCT01523002,2026-08-31
pyramax,NCT01552330,Pharmacokinetic Study of Primaquine and Pyronaridine-Artesunate in Healthy Subjects,PHASE1,INTERVENTIONAL,COMPLETED,University of Oxford,17,2012-05,2012-10,2012-10,2013-08-28,false,https://clinicaltrials.gov/study/NCT01552330,2026-08-31
pyramax,NCT01594931,Phase II Dose-ranging Study of Pyronaridine/Artesunate in Adults Patients With Plasmodium Falciparum Malaria,PHASE2,INTERVENTIONAL,COMPLETED,Medicines for Malaria Venture,477,2005-07,2006-03,2006-04,2021-11-02,true,https://clinicaltrials.gov/study/NCT01594931,2026-08-31
pyramax,NCT01868438,Relative Bioavailability of Pyronaridine-artesunate in Tablet and Granule Formulations in Healthy Volunteers,PHASE1,INTERVENTIONAL,COMPLETED,Medicines for Malaria Venture,60,2013-05,2013-10,2014-01,2023-12-18,true,https://clinicaltrials.gov/study/NCT01868438,2026-08-31
pyramax,NCT02389439,Efficacy and Safety of Pyronaridine-artesunate for the Treatment in Uncomplicated Falciparum Malaria,PHASE2,INTERVENTIONAL,COMPLETED,University of Oxford,123,2015-03-01,2015-12-01,2016-06-01,2018-09-20,false,https://clinicaltrials.gov/study/NCT02389439,2026-08-31
pyramax,NCT02411994,Pyronaridine-artesunate and Artemether-lumefantrine for the Treatment of Paediatric Malaria,PHASE3,INTERVENTIONAL,COMPLETED,Royal Tropical Institute,197,2015-10,2017-08,2017-08,2017-11-27,false,https://clinicaltrials.gov/study/NCT02411994,2026-08-31
pyramax,NCT03201770,Cohort Event Monitoring Study of Pyramax®,PHASE4,INTERVENTIONAL,COMPLETED,Shin Poong Pharmaceutical Co. Ltd.,8572,2017-06-22,2019-04-10,2019-04-10,2019-06-26,false,https://clinicaltrials.gov/study/NCT03201770,2026-08-31
pyramax,NCT03726593,Drug Combinations of Atovaquone-Proguanil (AP) With ACT,PHASE4,INTERVENTIONAL,UNKNOWN,"Armed Forces Research Institute of Medical Sciences, Thailand",252,2018-10-04,2022-08-30,2022-12-30,2021-03-02,false,https://clinicaltrials.gov/study/NCT03726593,2026-08-31
pyramax,NCT03814616,Pyramax in Asymptomatic Carriers of P. Falciparum Monoinfections,PHASE2,INTERVENTIONAL,UNKNOWN,Shin Poong Pharmaceutical Co. Ltd.,300,2018-10-03,2019-10,2019-10,2019-09-30,false,https://clinicaltrials.gov/study/NCT03814616,2026-08-31
pyramax,NCT04049916,Pyronaridine-artesunate With Low Dose Primaquine for Preventing P. Falciparum Transmission,PHASE2|PHASE3,INTERVENTIONAL,COMPLETED,London School of Hygiene and Tropical Medicine,100,2019-09-12,2020-01-07,2020-01-07,2020-01-30,false,https://clinicaltrials.gov/study/NCT04049916,2026-08-31
pyramax,NCT04264130,Effect of Artemisinin-based Combination Therapies on Schistosomiasis on Malaria Co-infection,PHASE2,INTERVENTIONAL,COMPLETED,Centre de Recherche Médicale de Lambaréné,54,2018-07-31,2019-12-31,2019-12-31,2020-02-11,false,https://clinicaltrials.gov/study/NCT04264130,2026-08-31
pyramax,NCT04265573,"Feasibility, Acceptability and Costs of a Multiple First-lines Artemisinin-based Combination Therapies",,OBSERVATIONAL,COMPLETED,Groupe de Recherche Action en Sante,150000,2018-11-10,2020-12-01,2021-02-25,2022-03-25,false,https://clinicaltrials.gov/study/NCT04265573,2026-08-31
pyramax,NCT04368910,Safety and Efficacy of Pyronaridine Artesunate Vs Chloroquine in Children and Adult Patients With Acute Vivax Malaria,PHASE3,INTERVENTIONAL,TERMINATED,Medicines for Malaria Venture,30,2007-09-06,2010-10-16,2010-11-15,2022-01-26,true,https://clinicaltrials.gov/study/NCT04368910,2026-08-31
pyramax,NCT04475107,The Efficacy and Safety of Pyramax in Mild to Moderate COVID-19 Patients,PHASE2,INTERVENTIONAL,COMPLETED,Shin Poong Pharmaceutical Co. Ltd.,113,2020-07-09,2021-03-25,2021-04-15,2021-06-01,false,https://clinicaltrials.gov/study/NCT04475107,2026-08-31
pyramax,NCT04532931,Four Different Experimental Drug Regimens to Standard of Care for the Treatment of Symptomatic Outpatients With COVID-19,PHASE2,INTERVENTIONAL,COMPLETED,Shin Poong Pharmaceutical Co. Ltd.,192,2020-09-03,2021-08-05,2021-08-23,2025-07-28,true,https://clinicaltrials.gov/study/NCT04532931,2026-08-31
pyramax,NCT04695197,Malaria as a Risk Factor for COVID-19 in Western Kenya and Burkina Faso,PHASE3,INTERVENTIONAL,COMPLETED,Liverpool School of Tropical Medicine,143,2021-01-08,2022-11-01,2024-02-20,2024-02-23,false,https://clinicaltrials.gov/study/NCT04695197,2026-08-31
pyramax,NCT04701606,The Safety and Efficacy of Pyronaridine-artesunate (Pyramax® or Artecom®)in COVID-19 Patients,PHASE2|PHASE3,INTERVENTIONAL,UNKNOWN,Shin Poong Pharmaceutical Co. Ltd.,402,2021-03-29,2022-04-15,2022-04-15,2021-09-30,false,https://clinicaltrials.gov/study/NCT04701606,2026-08-31
pyramax,NCT04778813,Evaluation of Three Artemisinin-based Combinations for the Treatment of Uncomplicated Malaria in Childreen in Burkina Faso (CHIMIO2),PHASE4,INTERVENTIONAL,UNKNOWN,Centre national de recherche et de formation sur le paludisme,1050,2021-06-01,2021-12-31,2022-06-01,2021-03-03,false,https://clinicaltrials.gov/study/NCT04778813,2026-08-31
pyramax,NCT04783051,Comparison of ISTp- PYRAMAX-US-RDT to IPTp-SP to Prevent Malaria in Pregnant Women in DRC (ULTRAPYRAPREG),PHASE3,INTERVENTIONAL,COMPLETED,University of Kinshasa,250,2021-05-06,2022-06-22,2022-06-22,2022-11-04,false,https://clinicaltrials.gov/study/NCT04783051,2026-08-31
pyramax,NCT05052502,Targeting High Risk Populations With Enhanced Reactive Focal Mass Drug Administration in Thailand,NA,INTERVENTIONAL,COMPLETED,"University of California, San Francisco",14977,2020-11-01,2022-03-31,2022-03-31,2026-04-29,false,https://clinicaltrials.gov/study/NCT05052502,2026-08-31
pyramax,NCT05084911,The Efficacy and Safety of Pyramax in Mild to Moderate COVID-19 Patients (Phase3),PHASE3,INTERVENTIONAL,COMPLETED,Shin Poong Pharmaceutical Co. Ltd.,1807,2021-10-18,2023-03-24,2023-03-24,2023-06-18,false,https://clinicaltrials.gov/study/NCT05084911,2026-08-31
pyramax,NCT05192265,Efficacy and Safety of Pyronaridine-Artesunate Versus Artemether-Lumefantrine,PHASE2|PHASE3,INTERVENTIONAL,COMPLETED,University of Ibadan,172,2019-05-20,2020-12-23,2020-12-23,2022-04-07,false,https://clinicaltrials.gov/study/NCT05192265,2026-08-31
pyramax,NCT05343312,"In Vivo Efficacy of Artemether-Lumefantrine, Amodiaquine-Artesunate, Dihydroartemisinin-Piperaquine, and Pironaridine-Artesunate in Mozambique",PHASE4,INTERVENTIONAL,COMPLETED,Centro de Investigacao em Saude de Manhica,870,2022-03-16,2023-09-30,2025-07-30,2025-08-27,false,https://clinicaltrials.gov/study/NCT05343312,2026-08-31
pyramax,NCT05441410,Comparing Safety and Protective Efficacy of Vaccine Candidate PfSPZ-CVac and MVA ME-TRAP/ ChAd63 ME-TRAP in Adults,PHASE1|PHASE2,INTERVENTIONAL,NOT_YET_RECRUITING,University Hospital Tuebingen,30,2025-06-01,2026-06-30,2026-06-30,2024-12-06,false,https://clinicaltrials.gov/study/NCT05441410,2026-08-31
pyramax,NCT05633420,Pilot Clinical Trial to Explore Efficacy and Safety of Pyramax in Mild to Moderate COVID-19 Patients,PHASE2,INTERVENTIONAL,COMPLETED,Shin Poong Pharmaceutical Co. Ltd.,20,2022-07-24,2022-09-06,2022-11-20,2022-12-02,false,https://clinicaltrials.gov/study/NCT05633420,2026-08-31
pyramax,NCT05929157,A Crossover Bioavailability Clinical Trial of Parenteral Pyronaridine and Artesunate,PHASE1|PHASE2,INTERVENTIONAL,UNKNOWN,Centre de Recherche Médicale de Lambaréné,12,2023-09-01,2024-12-31,2025-06-30,2023-07-24,false,https://clinicaltrials.gov/study/NCT05929157,2026-08-31
pyramax,NCT06962319,Safety of Antimalarials in the FIRst trimEster,PHASE3,INTERVENTIONAL,RECRUITING,Liverpool School of Tropical Medicine,1510,2025-09-30,2028-08,2029-08,2025-11-19,false,https://clinicaltrials.gov/study/NCT06962319,2026-08-31
pyramax,NCT07060794,Tafenoquine and ACTs (TADORE- Plus),PHASE4,INTERVENTIONAL,NOT_YET_RECRUITING,Menzies School of Health Research,507,2026-06,2028-06,2028-06,2026-03-18,false,https://clinicaltrials.gov/study/NCT07060794,2026-08-31
pyramax,NCT07362498,Health Systems Implementation and Molecular Surveillance of Multiple First-Line Treatments for Uncomplicated Malaria in Western Kenya,,OBSERVATIONAL,COMPLETED,Strathmore University,316,2020-06-01,2024-01-31,2024-01-31,2026-01-23,false,https://clinicaltrials.gov/study/NCT07362498,2026-08-31
pyramax,NCT07470424,"A Clinical Study of Piperaquine, Pyronaridine, and Artesunate Administered in Combination in Healthy Adults",PHASE1,INTERVENTIONAL,NOT_YET_RECRUITING,University of Oxford,24,2026-11-01,2027-11-01,2027-11-01,2026-08-05,false,https://clinicaltrials.gov/study/NCT07470424,2026-08-31
